contato,179
ruby,146
momento,130
software,98
interesse,88
interested,85
recrutamento,83
experience,82
sorte,80
dia,79
oportunidades,79
rails,74
tech,74
email,73
empresa,72
work,70
buscando,68
trabalho,67
company,66
job,66
vaga,63
desejo,61
position,59
recruiter,58
reaching,57
amazon,56
novas,55
developer,55
good,55
tambem,54
senior,52
aws,52
positions,49
talent,49
gostaria,47
experiencia,46
temos,46
future,46
vagas,46
tenho,46
ideia,45
recruiting,45
moment,44
reach,44
aniversario,43
brasil,43
remote,43
porem,42
futuro,42
stack,42
luck,42
processo,42
working,42
opportunity,42
full,42
cheers,41
falar,40
was,39
retorno,39
profissional,38
trabalhar,38
forward,38
backend,38
business,38
minha,37
tecnologia,37
offer,37
currently,37
contact,36
mude,36
love,36
entrarei,35
profissionais,35
agradeco,35
sim,35
people,35
call,35
next,35
cloud,34
open,34
technical,34
desenvolvimento,34
abraco,34
eles,33
abs,33
web,33
pessoas,33
posicao,33
anos,33
right,32
engineer,32
wish,31
ill,31
data,31
valeu,30
its,30
development,30
fullstack,30
engineering,30
papo,29
tempo,29
just,29
role,29
online,28
desafios,28
conversar,28
changes,28
developers,28
chat,28
desenvolvedor,28
sure,28
day,28
apply,27
career,27
paulo,27
ingles,27
recife,27
vou,27
america,27
telefone,27
touch,27
equipe,27
could,27
based,27
hiring,27
happy,27
premium,27
process,26
depois,26
services,26
really,26
talk,26
skills,26
platform,26
quando,26
agora,26
foi,25
massa,25
tarde,25
office,25
fit,25
link,25
there,25
trial,24
opportunities,24
things,24
vancouver,24
sei,24
python,24
conhecer,24
feel,24
learn,24
startup,24
soon,24
might,24
conhecimento,23
learning,23
few,23
fico,23
visto,23
esse,23
sucesso,23
brazil,23
keep,23
share,23
surely,23
week,23
want,23
salary,23
empresas,23
years,22
trabalhando,22
bastante,22
nice,22
engineers,22
opa,22
procurando,22
engenharia,22
hello,22
questions,22
background,22
teams,22
now,21
faco,21
them,21
carreira,21
look,21
horario,21
relocation,21
when,21
coisas,21
tiver,21
dias,21
doing,21
building,21
much,20
google,20
global,20
seja,20
nada,20
other,20
remoto,20
grande,20
acquisition,20
entre,20
hoje,20
nome,20
react,20
area,20
check,20
information,20
mba,19
through,19
pois,19
tinha,19
menos,19
canada,19
cara,19
nem,19
qualquer,19
hearing,19
companies,19
change,19
details,19
interesting,19
sem,19
mercado,19
lets,19
javascript,19
has,19
hear,19
dont,19
last,19
month,18
rede,18
dev,18
video,18
sera,18
quem,18
ela,18
alem,18
projeto,18
algo,18
acredito,18
seus,18
ele,18
vamos,18
network,18
alguns,18
back,18
clt,18
porque,18
manager,18
think,18
why,17
legal,17
entrar,17
outras,17
emprego,17
bater,17
dados,17
connect,17
kind,17
mundo,17
clientes,17
technology,17
interest,17
something,17
days,17
relnoopener,16
access,16
following,16
same,16
recruitment,16
conversa,16
year,16
oferta,16
nesse,16
informacoes,16
contigo,16
programacao,16
mes,16
professional,16
novo,16
forma,16
java,16
atencao,16
muita,16
esteja,16
send,16
environment,16
make,16
beneficios,16
usd,16
hey,16
microsoft,16
todo,16
suas,16
meses,16
oracle,15
nilou,15
even,15
olx,15
invite,15
portugal,15
requisitos,15
birthday,15
comigo,15
semana,15
assim,15
mudar,15
todos,15
super,15
coisa,15
application,15
infrastructure,15
contratacao,15
ano,15
crescimento,15
need,15
interessante,15
busca,15
sistemas,15
glad,15
mobile,15
ajudar,15
podemos,15
because,15
industry,15
projects,15
around,14
came,14
available,14
while,14
via,14
sempre,14
been,14
outra,14
estao,14
teria,14
tranquilo,14
trocar,14
speak,14
todas,14
aberto,14
going,14
match,14
noite,14
num,14
sentido,14
achei,14
atualmente,14
fully,14
lead,14
saude,14
algumas,14
solucoes,14
knowledge,14
whatsapp,14
feedback,14
atuar,14
youd,14
solutions,14
message,14
resume,14
these,14
growth,14
amp,13
aguardo,13
again,13
carolina,13
selecao,13
english,13
plataforma,13
maior,13
produto,13
tres,13
receber,13
situacao,13
mudanca,13
than,13
dar,13
able,13
grandes,13
international,13
tools,13
seria,13
possa,13
vida,13
design,13
remota,13
banco,13
take,13
grow,13
etc,13
jobs,13
did,13
top,13
looks,13
classspinmailquilleditorspinbreaknbsppp,12
everyone,12
anyone,12
wishes,12
ive,12
after,12
world,12
where,12
candidates,12
acha,12
qual,12
fulltime,12
objetivo,12
site,12
ficar,12
certo,12
novos,12
letting,12
indicar,12
algum,12
passar,12
tua,12
uns,12
pessoa,12
pro,12
meio,12
participar,12
unique,12
entender,12
desafio,12
performance,12
salarial,12
marcar,12
devops,12
buscamos,12
ror,12
plano,12
salario,12
thought,12
contar,12
gives,11
number,11
support,11
ambiente,11
conhecimentos,11
neste,11
tecnologias,11
favor,11
entrevista,11
lmia,11
pwc,11
updated,11
wanted,11
melhores,11
tower,11
sensor,11
times,11
posso,11
recebi,11
evento,11
precisa,11
queria,11
rapaz,11
haha,11
toda,11
conheco,11
desse,11
pessoal,11
talvez,11
fiz,11
beleza,11
onde,11
desde,11
deve,11
plus,11
covid,11
client,11
tipo,11
conversation,11
most,11
forte,11
era,11
mind,11
youll,11
ecommerce,11
amazing,11
projetos,11
eua,11
knowbe,11
problem,11
discuss,11
growing,11
connecting,11
tell,11
bonus,11
sabe,11
mandar,11
seletivo,11
detalhes,11
someone,11
otimo,11
add,11
fintech,11
current,11
big,11
project,11
students,10
courses,10
program,10
ucw,10
maiores,10
berlin,10
moving,10
website,10
exciting,10
sorry,10
foco,10
lisboa,10
talentos,10
always,10
special,10
europa,10
offers,10
real,10
node,10
disponibilidade,10
conhece,10
way,10
onsite,10
fora,10
rds,10
alguma,10
esses,10
possivel,10
parabens,10
proposta,10
duas,10
outro,10
fala,10
passado,10
disso,10
atual,10
nessa,10
understand,10
end,10
problems,10
scale,10
getting,10
case,10
europe,10
enviar,10
culture,10
specialist,10
market,10
challenges,10
tecnicos,10
conta,10
antes,10
cultura,10
reply,10
regarding,10
product,10
benefits,10
sido,10
avaliando,10
today,10
leading,10
had,10
ever,10
partner,10
leonardopp,9
jordan,9
event,9
interviews,9
nuvem,9
rosa,9
nova,9
entendo,9
must,9
sounds,9
still,9
poderia,9
estiver,9
guava,9
ask,9
answer,9
vontade,9
estas,9
avancado,9
posicoes,9
consultoria,9
primeiro,9
consulta,9
nossas,9
biometrics,9
vac,9
abrir,9
novamente,9
interview,9
atenciosamente,9
disposicao,9
negocio,9
levar,9
fica,9
parece,9
disponiveis,9
avaliar,9
resposta,9
riley,9
responder,9
hora,9
ferias,9
esperando,9
processos,9
pandemia,9
duvida,9
quiser,9
into,9
systems,9
app,9
home,9
apenas,9
set,9
may,9
felipe,9
contatos,9
topa,9
mensagem,9
cto,9
before,9
yes,9
encontrei,9
diretamente,9
conosco,9
envie,9
digital,9
expansao,9
got,9
quick,9
first,9
curriculo,9
schedule,9
paid,9
payment,9
small,9
organization,9
tal,9
phone,9
build,9
start,9
months,9
insights,8
list,8
skype,8
attached,8
addition,8
move,8
distribuidos,8
different,8
north,8
plsenior,8
within,8
blog,8
read,8
dentro,8
frontend,8
maybe,8
being,8
focus,8
andor,8
lhe,8
multinacional,8
agendar,8
convite,8
atualizado,8
putz,8
manda,8
numero,8
paths,8
lot,8
minutes,8
ana,8
segue,8
weeks,8
actually,8
nivel,8
atras,8
pst,8
interessado,8
saquei,8
mesma,8
chegar,8
grupo,8
vem,8
immigration,8
pedir,8
pais,8
deles,8
ninguem,8
demais,8
docker,8
tdd,8
code,8
advice,8
both,8
success,8
headhunter,8
crescer,8
brasileira,8
usa,8
breve,8
abaixo,8
cada,8
offices,8
directly,8
high,8
modelo,8
aline,8
arquitetura,8
principalmente,8
falarmos,8
americana,8
professionals,8
info,8
using,8
part,8
front,8
sent,8
linux,8
strong,8
sair,8
seems,8
couple,8
chance,8
additional,7
classspinmailquilleditorspinbreaka,7
adicionalo,7
magda,7
deepa,7
convidar,7
oferece,7
tdc,7
git,7
applied,7
passport,7
conversarmos,7
linguagem,7
already,7
habilidades,7
angular,7
complete,7
steps,7
stay,7
pass,7
indicacao,7
links,7
gestao,7
especialista,7
visa,7
worries,7
att,7
candidate,7
appreciate,7
should,7
este,7
technologies,7
search,7
internacional,7
effective,7
analyst,7
tbm,7
post,7
place,7
postgresql,7
such,7
solid,7
processes,7
produtos,7
vale,7
ready,7
early,7
claudia,7
passei,7
luis,7
tava,7
alto,7
minutos,7
primeira,7
questao,7
tirar,7
partir,7
gerente,7
vez,7
prazo,7
semanas,7
dois,7
experiencias,7
teus,7
mim,7
nunca,7
proximo,7
understanding,7
test,7
including,7
better,7
experienced,7
consultant,7
natalia,7
chamo,7
south,7
respeito,7
quase,7
quero,7
ver,7
tanto,7
bate,7
encontrar,7
trabalha,7
escritorio,7
desenvolvedora,7
php,7
essas,7
operations,7
since,7
saw,7
canal,7
review,7
head,7
media,7
sourcer,7
below,7
description,7
dear,7
starting,7
try,7
yoursquore,6
activity,6
recent,6
prospective,6
intended,6
todaypp,6
profilestrong,6
connectedlilistrongwhos,6
expertled,6
sharpen,6
classspinmailquilleditorspinbreakhi,6
engenheiroas,6
mirei,6
offered,6
palantir,6
give,6
thursday,6
news,6
accenture,6
alegre,6
porto,6
brito,6
thomas,6
late,6
hours,6
trying,6
lbritogmailcom,6
made,6
freela,6
platforms,6
bancos,6
develop,6
request,6
procura,6
gift,6
latam,6
used,6
zone,6
takes,6
use,6
responsible,6
sede,6
only,6
queira,6
escritorios,6
possui,6
vtex,6
ultimately,6
considered,6
live,6
excellent,6
futuras,6
expertise,6
given,6
too,6
expected,6
devs,6
requirements,6
peco,6
posts,6
medico,6
certeza,6
exterior,6
diz,6
sendo,6
usar,6
expert,6
leetcode,6
jason,6
nas,6
pay,6
contract,6
include,6
acelerado,6
locaweb,6
brasileiros,6
speaking,6
started,6
candidatos,6
diferentes,6
dizer,6
passou,6
dificil,6
segunda,6
possibilidade,6
falou,6
disse,6
puder,6
responde,6
daker,6
aceitar,6
acabei,6
ficou,6
junho,6
lembro,6
enquanto,6
biometria,6
dessa,6
esperar,6
assunto,6
comecar,6
estar,6
vezes,6
quanto,6
esposa,6
css,6
quality,6
apis,6
base,6
processing,6
alex,6
explore,6
inclusive,6
reliable,6
create,6
helps,6
personal,6
challenging,6
leadership,6
person,6
paula,6
pretensao,6
monthly,6
atuacao,6
recentemente,6
helping,6
page,6
remotely,6
central,6
importante,6
relacao,6
cerc,6
compartilhar,6
ultima,6
david,6
life,6
making,6
awesome,6
labs,6
director,6
graphql,6
lugar,6
realmente,6
regime,6
referencia,6
weve,6
rubyrails,6
own,6
acesse,6
products,6
backup,6
proximos,6
vao,6
outros,6
vendas,6
ajuda,6
startups,6
gmt,6
zartis,6
whorsquos,5
morestart,5
covering,5
connected,5
messaging,5
featuresinmail,5
leonardobased,5
strongpp,5
tuition,5
azure,5
classspinmailquilleditorspinbreakliza,5
classspinmailquilleditorspinbreakstart,5
messagingstrong,5
classspinmailquilleditorspinbreakid,5
secure,5
wednesday,5
employed,5
ensure,5
delay,5
date,5
zava,5
million,5
finding,5
definitely,5
regiao,5
presencial,5
facebook,5
avanade,5
easier,5
whats,5
australia,5
orientacao,5
cidade,5
dinamico,5
usuarios,5
ajude,5
deseja,5
computacao,5
especiais,5
vanessa,5
heart,5
planos,5
networking,5
along,5
impressive,5
mins,5
show,5
gratuito,5
bootcamp,5
objeto,5
orientada,5
asia,5
advocate,5
creating,5
received,5
situation,5
fique,5
talented,5
makes,5
capital,5
havent,5
pleno,5
impressed,5
location,5
cool,5
wrote,5
thats,5
engenheiro,5
martina,5
impacto,5
writing,5
morning,5
discussing,5
canadian,5
relocacao,5
response,5
helpful,5
issues,5
range,5
those,5
detailed,5
found,5
local,5
manter,5
executive,5
apresentar,5
usando,5
atuamos,5
due,5
internacionais,5
beautiful,5
oliveira,5
queremos,5
second,5
applying,5
hire,5
every,5
say,5
anything,5
wondering,5
latin,5
relational,5
aluguel,5
package,5
fazendo,5
cesar,5
faca,5
pediram,5
december,5
fim,5
eita,5
uhum,5
ganhar,5
trabalhei,5
vivo,5
entendi,5
works,5
coders,5
roles,5
diversas,5
either,5
pena,5
rapidamente,5
gigante,5
resultado,5
mandei,5
bora,5
complicado,5
etapa,5
final,5
hehehe,5
amanha,5
chato,5
fato,5
hahah,5
demora,5
ruim,5
diferente,5
ponto,5
foram,5
feito,5
olhada,5
casa,5
remotamente,5
html,5
umas,5
api,5
user,5
cofounder,5
maria,5
competencias,5
long,5
careers,5
olhando,5
availability,5
analista,5
deixe,5
agenda,5
escolher,5
crescendo,5
remuneracao,5
qualidade,5
informacao,5
ping,5
min,5
customers,5
successful,5
mission,5
scout,5
jungle,5
nodejs,5
sre,5
vuejs,5
presenciais,5
conheca,5
acima,5
coding,5
key,5
transformacao,5
level,5
depending,5
focused,5
friendly,5
heres,5
options,5
bit,5
service,5
though,5
connection,5
never,5
core,5
modern,5
colocar,5
contrato,5
digitais,5
uso,5
calendar,5
longterm,5
ebook,5
inovacao,5
redes,5
having,5
softjourn,5
several,5
firstname,5
supportfinity,4
register,4
todaysincerelyangela,4
irsquod,4
premiumpremium,4
yoursquoll,4
residencies,4
duke,4
school,4
fuqua,4
dukersquos,4
xyz,4
regardspp,4
classspinmailquilleditorspinbreaknbspnbspnbspnbspnbspnbspnbspnbspucw,4
teamp,4
classspinmailquilleditorspinbreaksincerelypp,4
courseslilistronginmail,4
coursesstrong,4
benefitspp,4
peers,4
degree,4
inmail,4
avaliacao,4
empregado,4
aliona,4
tfg,4
recrutamentoiventiscombr,4
karen,4
class,4
large,4
espanha,4
competitive,4
sydney,4
barcelona,4
university,4
drive,4
provides,4
worldwide,4
friday,4
snowmobile,4
booking,4
redmond,4
colleagues,4
series,4
durante,4
doghero,4
recolocacao,4
manchester,4
pelos,4
thoughtworks,4
cover,4
informar,4
suse,4
microsofts,4
barton,4
busy,4
gabrielle,4
alves,4
near,4
searching,4
curso,4
patrocinio,4
despesas,4
abrangentes,4
atraentes,4
concepcao,4
relocarem,4
entrevistar,4
trazendo,4
humilde,4
desafia,4
incredula,4
desapontada,4
inspirada,4
orgulhosa,4
aprendo,4
obcecado,4
milhares,4
seattle,4
inovar,4
commerce,4
juntese,4
dimensoes,4
altamente,4
analiticas,4
profundas,4
aplicar,4
valorizados,4
dificeis,4
encarar,4
perspectiva,4
sentese,4
detail,4
coming,4
patients,4
healthcare,4
mondays,4
saas,4
skyhub,4
click,4
research,4
mairead,4
group,4
couldnt,4
otima,4
skillset,4
pagamento,4
responsibility,4
germany,4
running,4
desenvolvedores,4
education,4
replying,4
elasticsearch,4
least,4
netherlands,4
celerative,4
reference,4
dynamic,4
totally,4
comfortable,4
waiting,4
authorization,4
receive,4
similar,4
human,4
driven,4
social,4
especializada,4
bacana,4
familia,4
rate,4
custo,4
write,4
principal,4
mariana,4
argentina,4
hesitate,4
worldclass,4
vue,4
consultancy,4
wont,4
challenge,4
track,4
assessment,4
short,4
nomads,4
required,4
relevant,4
chamou,4
lembre,4
direto,4
vivencia,4
coordenador,4
deixo,4
greetings,4
virtual,4
wide,4
sponsorship,4
construcao,4
invitation,4
accept,4
main,4
isnt,4
enjoyed,4
during,4
indeterminado,4
skill,4
karolina,4
milhoes,4
entrando,4
hola,4
possible,4
intermediario,4
muitas,4
far,4
extra,4
yourself,4
community,4
pretty,4
tomas,4
exame,4
recrutadora,4
cartoes,4
hehe,4
conseguir,4
ligado,4
serie,4
falta,4
processamento,4
poder,4
estava,4
ultimo,4
cadastro,4
aviao,4
olha,4
dolar,4
android,4
ios,4
pdf,4
mando,4
aquele,4
servico,4
blz,4
vcs,4
otimizacao,4
basicamente,4
further,4
attention,4
fantastic,4
rockstar,4
reactjs,4
stacks,4
architecture,4
sales,4
gostariamos,4
desenvolver,4
tornar,4
tera,4
agil,4
account,4
figure,4
later,4
then,4
experiences,4
cin,4
paises,4
eventos,4
precise,4
hard,4
dele,4
rapido,4
claro,4
cloudformation,4
hangouts,4
ontem,4
passada,4
leva,4
recrutador,4
desculpa,4
pedindo,4
aguardar,4
glassdoor,4
volta,4
combinado,4
ligar,4
comeco,4
falei,4
viajar,4
weekend,4
passa,4
rola,4
remuneradas,4
oferecer,4
provavelmente,4
continuar,4
adicionar,4
teve,4
aviso,4
negociar,4
consegui,4
uteis,4
avise,4
logo,4
espera,4
epoca,4
imagino,4
pensando,4
particular,4
hahaha,4
tentar,4
varias,4
frente,4
falo,4
ircc,4
voltar,4
lembrei,4
fiquei,4
mudou,4
engracado,4
caramba,4
amigo,4
velho,4
kubernetes,4
redis,4
heroku,4
practices,4
quickly,4
fast,4
easy,4
deliver,4
apps,4
implement,4
popular,4
passion,4
solution,4
partners,4
consulting,4
london,4
safe,4
necessario,4
everything,4
center,4
worlds,4
principais,4
iterative,4
apos,4
rapida,4
latina,4
contacto,4
comp,4
financeiro,4
interessar,4
resultados,4
negocios,4
credito,4
comeca,4
atuo,4
recently,4
theres,4
diverse,4
resources,4
codigo,4
maioria,4
lideres,4
borges,4
incrivel,4
dedicada,4
teste,4
automacao,4
dolares,4
baseado,4
paixao,4
address,4
enjoy,4
impact,4
yet,4
spec,4
mainly,4
ways,4
francisco,4
san,4
janeiro,4
avisa,4
varios,4
satisfeito,4
deviget,4
called,4
european,4
protect,4
users,4
veeam,4
technologist,4
karinne,4
inscrever,4
marketing,4
acreditamos,4
apoio,4
precisamos,4
mil,4
videos,4
founder,4
upon,4
institutions,4
financial,4
management,4
fill,4
payments,4
specialized,4
view,4
consider,4
plans,4
jessica,4
meet,4
coaches,3
ndash,3
vacinacao,3
vacina,3
movimento,3
vacinas,3
applicant,3
maps,3
emprestimo,3
classspinmailquilleditorspinbreakeu,3
mehndirattap,3
classspinmailquilleditorspinbreakravi,3
classspinmailquilleditorspinbreakkind,3
soonpp,3
classspinmailquilleditorspinbreakalternatively,3
levelstrongpp,3
propel,3
classspinmailquilleditorspinbreakstrongare,3
employerspp,3
unparalleled,3
campus,3
downtown,3
vibrant,3
vancouvers,3
classspinmailquilleditorspinbreaknbspnbspnbspnbspnbspnbspnbspnbspstudy,3
sizespp,3
practical,3
classspinmailquilleditorspinbreaknbspnbspnbspnbspnbspnbspnbspnbspa,3
businesspp,3
firsthand,3
classspinmailquilleditorspinbreaknbspnbspnbspnbspnbspnbspnbspnbspfaculty,3
mbapp,3
classspinmailquilleditorspinbreaknbspnbspnbspnbspnbspnbspnbspnbspacbspaccredited,3
differentstrongpp,3
classspinmailquilleditorspinbreakstrongwhat,3
cadstrongpp,3
saves,3
graduate,3
classspinmailquilleditorspinbreakstrongmba,3
skillspp,3
newfound,3
encounter,3
pragmatic,3
stride,3
situations,3
stage,3
prepare,3
classspinmailquilleditorspinbreakthe,3
administration,3
classspinmailquilleditorspinbreakstrongmaster,3
studentspp,3
accessible,3
caribbean,3
arrangement,3
strongamericas,3
classspinmailquilleditorspinbreakin,3
beyondpp,3
classroom,3
primed,3
campusbased,3
attract,3
classspinmailquilleditorspinbreakwe,3
west,3
inform,3
difficult,3
globalization,3
pressures,3
increasingly,3
student,3
mehndiratta,3
ravi,3
classspinmailquilleditorspinbreakhope,3
leonardostrongpp,3
classspinmailquilleditorspinbreakstronghi,3
classspinmailquilleditorspinbreakola,3
moreliulp,3
pagesstrong,3
redshift,3
dayslilistrongtop,3
classspinmailquilleditorspinbreakbrpullistronglinkedin,3
classspinmailquilleditorspinbreaklinkedin,3
targetblankfree,3
srinivasanagooglecom,3
staffing,3
aish,3
demonstrations,3
overflow,3
shape,3
brazilrdshiringeventamazoncom,3
escrito,3
httpawsamazoncomcareersawsbrevent,3
visite,3
interessadoa,3
interessadoas,3
candidatoas,3
julho,3
talentosoas,3
cercada,3
afeto,3
junteime,3
database,3
motivadoa,3
engenheiroa,3
logica,3
entanto,3
denise,3
alphavillesp,3
actively,3
luana,3
sidero,3
increase,3
manage,3
adriana,3
nacionalidade,3
django,3
format,3
karin,3
testes,3
james,3
exercise,3
prezado,3
rubyonrails,3
experimental,3
aula,3
robert,3
looked,3
lbrito,3
tuesday,3
interests,3
taiwo,3
however,3
pilot,3
offering,3
away,3
aiden,3
jorge,3
andrei,3
renan,3
employment,3
nike,3
unfortunately,3
met,3
size,3
circa,3
largest,3
solve,3
levels,3
source,3
jogos,3
mongodb,3
care,3
muriel,3
decided,3
runtastic,3
letter,3
alumni,3
venha,3
raquel,3
posgraduacao,3
acqio,3
iniciar,3
ficamos,3
rita,3
camila,3
action,3
sde,3
exploring,3
walber,3
confirm,3
millions,3
centers,3
lorena,3
approach,3
entire,3
completo,3
golang,3
kaio,3
pagina,3
material,3
desejam,3
localizada,3
indicacoes,3
loco,3
noticed,3
tiffany,3
tecnico,3
volume,3
klara,3
aisling,3
geracao,3
pismo,3
kayla,3
frameworks,3
ensures,3
enviei,3
patricia,3
certificado,3
allan,3
beyond,3
needs,3
condicoes,3
combinamos,3
valores,3
cumprimentos,3
catarina,3
multinational,3
ahead,3
gapfish,3
pagamentos,3
mandado,3
adoraria,3
gostei,3
earlier,3
side,3
taught,3
cant,3
flexible,3
imediato,3
ran,3
above,3
integration,3
praticas,3
ferramenta,3
tenham,3
diferencial,3
corre,3
overview,3
sadie,3
globe,3
sharing,3
fun,3
sql,3
advance,3
aileen,3
diversidade,3
providing,3
march,3
webform,3
agent,3
dual,3
rest,3
colega,3
passe,3
alinhado,3
cargo,3
aumentar,3
usadas,3
juntar,3
aquisicao,3
focado,3
led,3
aulas,3
podes,3
entro,3
security,3
follow,3
clear,3
thinking,3
plenosenior,3
staff,3
advanced,3
headquarters,3
clients,3
scrum,3
require,3
previous,3
tata,3
curious,3
professionally,3
applicants,3
multiple,3
allow,3
hour,3
cliente,3
parceria,3
field,3
solidos,3
report,3
squads,3
lembra,3
tendo,3
expectativa,3
desta,3
alta,3
fundamental,3
especial,3
machine,3
agendarmos,3
projecto,3
although,3
difference,3
relocating,3
compensation,3
course,3
hero,3
dog,3
identifiquei,3
domain,3
interviewing,3
discover,3
considerar,3
atender,3
nesta,3
helena,3
goncalves,3
linx,3
encaixar,3
microservicos,3
visibilidade,3
excelente,3
warm,3
marcarmos,3
conversacao,3
leader,3
recrutar,3
colaboradores,3
aubay,3
hoping,3
many,3
rafael,3
specific,3
ceo,3
talked,3
countries,3
poderiamos,3
estaria,3
atua,3
inicio,3
dinheiro,3
exames,3
oferecem,3
sentindo,3
anexo,3
mostrar,3
alugar,3
lista,3
mesa,3
script,3
planejar,3
raio,3
enviado,3
devem,3
seguro,3
lado,3
imm,3
documentos,3
carta,3
previsao,3
permit,3
mandaram,3
segundo,3
quarentena,3
meus,3
preencher,3
jogando,3
age,3
fechado,3
cheguei,3
passando,3
saida,3
deixar,3
triste,3
vejo,3
problema,3
cair,3
combinar,3
reversa,3
exemplos,3
estilo,3
perguntas,3
deu,3
path,3
pegar,3
total,3
oxe,3
foda,3
bosta,3
joao,3
automation,3
meetups,3
done,3
smart,3
truly,3
supporting,3
per,3
salaries,3
openings,3
devido,3
acelerar,3
diversos,3
palestra,3
portuguesa,3
engenheiros,3
checking,3
longer,3
ida,3
entrevistas,3
fez,3
certinho,3
falando,3
geralmente,3
balance,3
exatamente,3
tyler,3
ofertas,3
parecido,3
alemanha,3
dica,3
achar,3
gostar,3
marco,3
participei,3
horarios,3
especifica,3
mandou,3
precisam,3
ouvir,3
aprovado,3
respondeu,3
duvidas,3
minhas,3
esqueci,3
disponivel,3
devo,3
perguntar,3
trajetoria,3
flexibilidade,3
acoes,3
contas,3
depender,3
quer,3
negociacao,3
seguranca,3
escala,3
termos,3
valor,3
dou,3
depende,3
pelas,3
daqui,3
consulado,3
enfim,3
aguardando,3
contratar,3
incerteza,3
sai,3
melhorar,3
acabou,3
perguntei,3
menor,3
puts,3
imigracao,3
justamente,3
passaram,3
interessantes,3
dei,3
abertas,3
estudando,3
kkkkk,3
ufpe,3
redux,3
viu,3
gostando,3
morando,3
zap,3
fui,3
aprender,3
postgres,3
important,3
keen,3
testing,3
others,3
agile,3
production,3
delivery,3
towards,3
goals,3
investing,3
innovative,3
amount,3
sen,3
relocate,3
net,3
written,3
podem,3
delas,3
luna,3
linguagens,3
enjoei,3
gostamos,3
historia,3
fomos,3
estando,3
alisson,3
rspec,3
usdm,3
room,3
trajectory,3
pensei,3
saiba,3
positivo,3
longo,3
companhia,3
potencial,3
diariamente,3
volumes,3
processar,3
acesso,3
transformar,3
thing,3
meeting,3
perks,3
huge,3
includes,3
fullremote,3
mensal,3
questoes,3
tecnica,3
procuramos,3
infra,3
terraform,3
prazer,3
interessou,3
confira,3
bugs,3
colaboracao,3
pecas,3
totalmente,3
boas,3
atrativos,3
oferecemos,3
solving,3
seniors,3
between,3
results,3
yours,3
specifically,3
outstanding,3
matches,3
annual,3
form,3
basis,3
silicon,3
does,3
bradesco,3
trafego,3
aereo,3
espaco,3
analise,3
sistema,3
llc,3
sector,3
banking,3
estrategia,3
empreendedorismo,3
junto,3
conteudo,3
isto,3
passamos,3
perfect,3
overall,3
provider,3
continuity,3
under,3
potential,3
whether,3
house,3
madrid,3
intech,3
joining,3
customer,3
whos,3
gain,2
satildeo,2
imoacuteveis,2
coaching,2
thwackcamp,2
admissionsdukersquos,2
jacksonassistant,2
mbaallison,2
besti,2
whatrsquos,2
organizations,2
inspires,2
style,2
analyze,2
sharp,2
scheduleas,2
assignments,2
flexibility,2
periods,2
functionsnbspdistance,2
markets,2
highpotential,2
classmates,2
familyour,2
reducing,2
traditional,2
rigor,2
immersive,2
americaintensive,2
emphasize,2
comfort,2
morenbspnbspover,2
facultylearn,2
worldrenowned,2
formats,2
rank,2
schools,2
leonardoyour,2
timeyour,2
targeting,2
optimized,2
vitimas,2
doencas,2
todaysincerelycassie,2
aproveite,2
modernizacao,2
realtime,2
mapmaking,2
targetblankhere,2
geospatial,2
hrefhttpswebucanwestcaamericasbursaryutmsourcelinkedinamputmmediumcpcamputmcampaignucwwvprpgeninmailamericasbursarylifatidcaaddabbcfa,2
classspinmailquilleditorspinbreakvoce,2
aproximando,2
computing,2
hereapp,2
targetblankclick,2
classspinmailquilleditorspinbreakto,2
nowstrongapp,2
targetblankstrongapply,2
hrefhttpswebucanwestcaamericasbursaryutmsourcelinkedinamputmmediumcpcamputmcampaignucwwvprpgeninmailamericasbursarylifatidedffefeaafadacd,2
communitypp,2
bursary,2
bursarystrong,2
ucwpp,2
leaders,2
ministerio,2
gripe,2
classspinmailquilleditorspinbreakse,2
aheadlilistrongexclusive,2
dayslilistrongunlimited,2
hrefhttpswebucanwestcambaamericastuitionutmsourcelinkedinamputmmediumcpcamputmcampaignucwpgwcprpinmailamericastuitionbrazillifatidadcebdecd,2
classspinmailquilleditorspinbreakstrongnbspstrongpp,2
ibm,2
onlinepp,2
orientacoes,2
interestliliand,2
triala,2
warehouse,2
designed,2
phi,2
teamnbspp,2
classspinmailquilleditorspinbreaksincerelynbsppp,2
youliulp,2
insightsstrong,2
fitlilistrongcompetitive,2
applicantstrong,2
careerapp,2
strategy,2
recovery,2
achieve,2
gaps,2
dummies,2
utc,2
aishwarya,2
accepted,2
mailtohitreplylinkedincom,2
hitreplylinkedincom,2
oct,2
mon,2
httpwwwyoutubecomwatchvezhenpceeofeatureyoutube,2
matter,2
land,2
httpmashablecomhowtolandajobatgoogle,2
scoop,2
inside,2
httpsplusgooglecomlifeatgoogle,2
mailtosrinivasanagooglecom,2
declaration,2
luiz,2
merchant,2
coordinator,2
renatotrackjobscombr,2
renato,2
minimum,2
lookout,2
eyewear,2
select,2
related,2
crossover,2
preparado,2
realizar,2
procure,2
hackerrank,2
shtanuk,2
dental,2
migrar,2
inscreva,2
jenkins,2
segmento,2
brief,2
ligue,2
rebeca,2
dry,2
kiss,2
fluente,2
telephone,2
semester,2
officer,2
marta,2
possamos,2
safety,2
designing,2
run,2
glovo,2
elias,2
imprescindivel,2
residir,2
seguintes,2
atendam,2
aplicativo,2
glovoapp,2
apresentarlhe,2
tens,2
volkswagen,2
valido,2
dublin,2
isa,2
thx,2
adocao,2
cambia,2
tomorrow,2
lindsay,2
aligned,2
needed,2
proceed,2
doubts,2
upcoming,2
cet,2
haja,2
busco,2
unidade,2
value,2
wed,2
friend,2
chris,2
monday,2
ramos,2
genuinely,2
less,2
built,2
omair,2
gratuita,2
mensalidade,2
desconto,2
limitadas,2
daitan,2
visualizar,2
paule,2
wallgren,2
angularjs,2
fte,2
recruit,2
ben,2
assistance,2
two,2
niloufar,2
applications,2
reduce,2
itsmycargo,2
present,2
novel,2
youve,2
omotayo,2
classes,2
voucher,2
aggressive,2
launch,2
palo,2
returning,2
finishing,2
nagib,2
httpsboardsgreenhouseiozavajobs,2
served,2
microservices,2
wrapping,2
quais,2
interesses,2
escale,2
finalizando,2
highly,2
eager,2
oregon,2
emmalee,2
gta,2
accelerator,2
tiona,2
continuous,2
emphasis,2
example,2
employ,2
internet,2
bookingcom,2
ground,2
nordeste,2
experts,2
antonioplaterohayscombr,2
encaminhe,2
microsservicos,2
trabalham,2
oferecida,2
game,2
antonio,2
communities,2
continuing,2
elena,2
sergio,2
ponte,2
jean,2
desenvolvendo,2
games,2
httpsitsmycargocom,2
doesnt,2
promised,2
chaves,2
ahh,2
grato,2
futura,2
encaixam,2
diploma,2
kotlin,2
swift,2
laravel,2
webmobile,2
salarios,2
transparencia,2
suporte,2
andre,2
fornece,2
aguiar,2
envolve,2
pesquisa,2
doutorado,2
felicidades,2
cleydyr,2
sofia,2
taking,2
vision,2
thus,2
sourcing,2
sincerely,2
shortly,2
contacted,2
onsites,2
subject,2
forca,2
friends,2
finally,2
face,2
arranged,2
consideration,2
once,2
lecouramazoncom,2
fundamentals,2
various,2
thth,2
opens,2
hosting,2
screen,2
deadline,2
assessorando,2
austria,2
karmele,2
aporte,2
acabamos,2
ultimos,2
perfeitamente,2
carreiras,2
inteligencia,2
softwares,2
nelogica,2
marienne,2
comunicacao,2
infelizmente,2
mora,2
passionate,2
employees,2
employers,2
biggest,2
melbourne,2
tel,2
bolsa,2
campanha,2
engenheiraos,2
science,2
conference,2
generous,2
terms,2
messages,2
health,2
broken,2
chatting,2
vacation,2
agilidade,2
pudesse,2
humano,2
lideranca,2
deparei,2
erika,2
wolfram,2
associate,2
comercial,2
importa,2
landingjobs,2
point,2
trabalhamos,2
relacionamento,2
matheus,2
relacionados,2
proprios,2
summit,2
inteiro,2
colaborar,2
luanna,2
sintase,2
envio,2
descritivo,2
areas,2
sigmar,2
decline,2
events,2
worked,2
mentioned,2
wise,2
heavy,2
german,2
profits,2
healthy,2
brasileiro,2
mostrando,2
brazuca,2
consegue,2
conversao,2
necessidade,2
sabedoria,2
resolvi,2
fixo,2
mensagens,2
teremos,2
maneira,2
curitiba,2
tive,2
definitively,2
idea,2
organize,2
meanwhile,2
designers,2
houver,2
interessa,2
jobsity,2
collaborative,2
communicate,2
clearly,2
demonstrated,2
jocelyn,2
liderado,2
eou,2
marketplaces,2
meios,2
analisei,2
revelo,2
queries,2
remotas,2
improve,2
innovation,2
prospects,2
mode,2
organic,2
aberta,2
bear,2
language,2
jack,2
prior,2
divulgar,2
relacionais,2
avancados,2
problemas,2
theyre,2
nonus,2
versus,2
guess,2
belarus,2
ansible,2
micaela,2
entrada,2
caixa,2
olhar,2
httpscalmixmaxcommicaelacrocianellicelerative,2
another,2
redissidekiq,2
typescript,2
assembling,2
reviewed,2
chrome,2
brand,2
internal,2
intricately,2
karla,2
bank,2
gomes,2
basta,2
blu,2
atracao,2
van,2
went,2
imagine,2
sending,2
asked,2
completed,2
included,2
april,2
country,2
behalf,2
wife,2
lima,2
lucros,2
participacao,2
minimo,2
odontologico,2
aplicacao,2
implementacao,2
entregar,2
gerando,2
missao,2
venda,2
roupas,2
repassa,2
station,2
among,2
gympass,2
utilizando,2
estarei,2
terias,2
deste,2
caravanas,2
podera,2
pensou,2
intelligence,2
tempest,2
daniel,2
france,2
httpslbritogithubioblog,2
aceite,2
motivo,2
anda,2
aumentando,2
chicago,2
activities,2
custom,2
orlando,2
httpswwwavemariasoftwarecom,2
ssrsr,2
minute,2
rating,2
masters,2
incredible,2
marketplace,2
brazilian,2
kindly,2
tcs,2
worth,2
seem,2
yearly,2
recommend,2
simple,2
answering,2
record,2
believe,2
said,2
stan,2
option,2
sign,2
venturus,2
thoughts,2
communication,2
httpsmediumcomlabsolxbrasil,2
niveis,2
conectando,2
handson,2
explorar,2
continue,2
hrbp,2
carvalho,2
possam,2
radar,2
mantelo,2
independente,2
conduzindo,2
cenario,2
papel,2
engenheiroespecialista,2
especificos,2
tshaped,2
generalista,2
conversando,2
batermos,2
agne,2
seguem,2
leonard,2
vanhack,2
tash,2
excelentes,2
anderson,2
return,2
loved,2
btw,2
factors,2
itself,2
close,2
places,2
food,2
visit,2
comments,2
profiles,2
irao,2
esperamos,2
cit,2
skup,2
perfectly,2
consumer,2
sensacional,2
construindo,2
plsr,2
feita,2
ionic,2
queiram,2
lancando,2
bridge,2
blossom,2
mauro,2
ligacao,2
compartilhe,2
portanto,2
ramo,2
nacional,2
avenue,2
curi,2
sugestoes,2
gentileza,2
descricao,2
randstad,2
amanda,2
conectar,2
cold,2
weather,2
prefer,2
nacionais,2
detalhado,2
tenhas,2
realocacao,2
etapas,2
reasons,2
hand,2
together,2
bringing,2
developed,2
fatima,2
pier,2
hires,2
companys,2
yeah,2
american,2
minsk,2
fine,2
dispoe,2
databases,2
preferred,2
framework,2
preferati,2
odriozola,2
sonhos,2
amor,2
atrativo,2
aceitou,2
burocracias,2
tramite,2
setembro,2
documentacao,2
requisito,2
pediu,2
auxiliando,2
liguei,2
acaso,2
marcando,2
urina,2
comentar,2
precisar,2
apto,2
alojamento,2
estrangeiro,2
contexto,2
usei,2
scripts,2
ielts,2
opcao,2
cash,2
questionario,2
opcoes,2
direito,2
facilitar,2
coloquei,2
apt,2
cheio,2
marquei,2
demissao,2
irpf,2
vixe,2
quantas,2
pedem,2
datas,2
system,2
sites,2
manjados,2
ajudando,2
caiu,2
ficha,2
detalhe,2
ouvi,2
ficaria,2
foto,2
saiu,2
passo,2
prox,2
adianta,2
sonhei,2
infinita,2
eterna,2
agoniado,2
jogo,2
bola,2
infancia,2
jogar,2
empires,2
conto,2
kuni,2
recomendo,2
curtir,2
jrpg,2
bota,2
andar,2
pega,2
vizinho,2
reuniao,2
paypal,2
tentando,2
americano,2
entrei,2
profissionalmente,2
seguinte,2
conhecemos,2
ieee,2
simples,2
takehome,2
past,2
pronto,2
galera,2
recrutamentos,2
ler,2
carai,2
hahahaha,2
testam,2
potenciais,2
salvam,2
grafo,2
sabem,2
digamos,2
metodo,2
tivesse,2
caminho,2
padrao,2
hahahah,2
engage,2
dedicated,2
regular,2
quinteros,2
ornella,2
ornellaquinterosrockstarcoderscom,2
mysql,2
medicine,2
psychology,2
associations,2
trade,2
transactions,2
card,2
credit,2
annually,2
billion,2
tecla,2
copy,2
gptw,2
evolucao,2
constante,2
programas,2
estara,2
gestores,2
voces,2
professor,2
thiago,2
expect,2
catch,2
exceptional,2
madhav,2
maio,2
fevereiro,2
manha,2
turno,2
curto,2
loop,2
casos,2
precisei,2
quatro,2
nesses,2
lancamento,2
momentos,2
worklife,2
transferencia,2
gosto,2
aceitei,2
hein,2
carnaval,2
decidir,2
menores,2
usam,2
disseram,2
normal,2
recrutadores,2
discutir,2
sumiu,2
simplesmente,2
domingo,2
estavam,2
contratados,2
definido,2
demorar,2
slots,2
dizendo,2
verdade,2
pendencias,2
resolver,2
prepararem,2
gostou,2
sinal,2
baixo,2
conveniente,2
consigo,2
deixa,2
factivel,2
receio,2
recomendou,2
respostas,2
sextas,2
exemplo,2
tao,2
ganha,2
acordo,2
comum,2
fizeram,2
tira,2
vier,2
inves,2
stocks,2
contra,2
curte,2
aprovacao,2
preciso,2
vfs,2
reabertura,2
paciencia,2
acontecer,2
comentei,2
dezembro,2
bicho,2
facil,2
virar,2
estudante,2
gera,2
relatos,2
raiva,2
estudo,2
fale,2
andando,2
conseguido,2
sorteios,2
pesadelo,2
desistir,2
tempos,2
merda,2
aplicaram,2
tuas,2
estarao,2
jus,2
tas,2
civil,2
eng,2
soldat,2
liero,2
bote,2
formar,2
adiciona,2
sidekiq,2
parts,2
monolithic,2
stars,2
iterate,2
willing,2
debugging,2
creative,2
ideas,2
cloudbased,2
continuously,2
features,2
come,2
architect,2
consumerfacing,2
scaling,2
scalable,2
scala,2
progress,2
retirement,2
lives,2
valerie,2
trading,2
complex,2
keeping,2
bulb,2
visas,2
mandatory,2
mota,2
inicialconsultoriagmailcom,2
domina,2
temporaria,2
restante,2
solicitadas,2
possuir,2
term,2
fima,2
informa,2
montando,2
criacao,2
atingir,2
valiosas,2
revolucionando,2
loft,2
saludos,2
bien,2
estes,2
antiphishing,2
shop,2
afternoon,2
ecossistema,2
contribuir,2
recebiveis,2
almada,2
httpsexamecomexameincartoescercregistrarbinoomesdenovaregrasobrerecebiveis,2
triplique,2
dobre,2
estimativas,2
piscina,2
individual,2
ganho,2
significativa,2
partnership,2
agressivos,2
retornos,2
aos,2
implica,2
desenvolvam,2
crescam,2
economia,2
jornada,2
chegou,2
principles,2
true,2
collaboration,2
initial,2
scheduled,2
slot,2
book,2
off,2
budget,2
hub,2
wfh,2
tons,2
mentor,2
impacts,2
powerful,2
businesses,2
brands,2
niyati,2
remotefirst,2
faixa,2
ira,2
flutter,2
httpsboardsgreenhouseioknowbejobs,2
facam,2
estreita,2
complicadas,2
servidor,2
infraestrutura,2
certas,2
prestamos,2
hospedamos,2
construimos,2
regulares,2
encontros,2
remotos,2
httpswwwlinkedincomcompanyknowbelifebrazil,2
gentis,2
inteligentes,2
repleta,2
fantastica,2
native,2
words,2
caracteristicas,2
tecnologicas,2
deere,2
john,2
thakur,2
michelle,2
leads,2
normally,2
abode,2
brick,2
adoption,2
barbara,2
potentially,2
nyc,2
welcome,2
clevertech,2
contacting,2
stock,2
equity,2
permanent,2
become,2
valley,2
sense,2
semelhante,2
semanais,2
alimentacao,2
auxilio,2
rio,2
julieta,2
arrange,2
partnering,2
vanesa,2
efficiently,2
cuttingedge,2
latest,2
active,2
usage,2
acessar,2
alinhados,2
convido,2
primeiros,2
mindset,2
avisar,2
httpbitlyinscrme,2
grupos,2
incluindo,2
recursos,2
poucos,2
youtube,2
undertaken,2
verificar,2
raised,2
evan,2
kinds,2
little,2
colleague,2
wondered,2
seeking,2
ticketing,2
inc,2
sarah,2
asset,2
ones,2
expanding,2
miss,2
httpssupportfinitycomskilledpeople,1
registering,1
freelancer,1
registers,1
programs,1
referral,1
practice,1
exams,1
expire,1
registration,1
posted,1
automatically,1
birds,1
sets,1
scopes,1
stop,1
rising,1
projected,1
fawzy,1
dahlia,1
negoacutecio,1
oacutetimo,1
conheccedila,1
preccedilos,1
terrenos,1
lojas,1
casas,1
apartamentos,1
opccedilotildees,1
olaacutenbspleonardovocecirc,1
wrightbusiness,1
careerricardo,1
helpone,1
nbspwhether,1
therersquos,1
fieldonce,1
upwersquoll,1
linkedinso,1
tailored,1
tool,1
needintroducing,1
turned,1
leonardoonly,1
posterscompetitive,1
highlights,1
featured,1
careerlinkedin,1
nbsp,1
spot,1
spotnbsplive,1
resourcelive,1
added,1
theyve,1
feature,1
wbecs,1
announce,1
excited,1
clientsim,1
teachings,1
personawant,1
oficina,1
follower,1
managernbsp,1
higginssolarwinds,1
spotcheersdanielle,1
reserve,1
yetregister,1
anticipate,1
completely,1
itas,1
qampa,1
prizesexpert,1
geeky,1
giveaways,1
collaborationlive,1
tips,1
training,1
usnbspoctober,1
leadershipmdashand,1
thwackcamptrade,1
solarwinds,1
leonardoregistration,1
solutionsnbsp,1
kate,1
awaysincerely,1
membersquality,1
placereach,1
featuresease,1
leonardowersquove,1
awaysincerelykate,1
membersqualitynbsp,1
placereachnbsp,1
featureseasenbsp,1
tonbsppost,1
leonardoweve,1
protecao,1
saudegovbrvacinabrasilmovimento,1
calendario,1
confiavel,1
geral,1
vacinacaopara,1
caderneta,1
vacinados,1
salvamento,1
forcas,1
professores,1
cronicos,1
doentes,1
necessidades,1
posparto,1
maes,1
gestantes,1
criancas,1
passadoa,1
voltem,1
evitadas,1
fatais,1
metas,1
todosconvidamos,1
importancia,1
conscientizacao,1
visam,1
integradas,1
lancou,1
paispara,1
voltaram,1
eliminadas,1
haviam,1
perigo,1
percepcao,1
equivocada,1
fake,1
disseminacao,1
fatores,1
caindo,1
vacinadas,1
coursesstart,1
insightsturbocharge,1
compare,1
poster,1
profilereach,1
tosee,1
careeruse,1
accelerate,1
greatto,1
firstnamethanks,1
duvidasp,1
multicloudliulpparticipe,1
microsservicosliligerenciamento,1
arquiteturalilidemonstracao,1
visao,1
aplicacoeslilicenario,1
tras,1
apresentadopulliconceitos,1
hstrongnbspppveja,1
acontecera,1
webinar,1
agilppeste,1
containers,1
apresentaremos,1
cloudstrong,1
aplicacoes,1
acelere,1
webinarstrong,1
britoppgostaria,1
pola,1
todayppsincerelyppcassie,1
coursesliulpstart,1
learningnbspstrongso,1
youlilistronglinkedin,1
insightsnbspstrongon,1
posterslilistrongcompetitive,1
applicantstrongnbsphighlights,1
fitlilistrongfeatured,1
applicantnbspstrongto,1
messagingnbspstrongso,1
featurespullistronginmail,1
premiumpplinkedin,1
leonardoppbased,1
technologiesp,1
classspinmailquilleditorspinbreakhere,1
toolsa,1
hrefhttpsdeveloperherecom,1
suite,1
sidehustle,1
manufacturersa,1
auto,1
targetblankworlds,1
hrefhttpsherecomhowheretechnologiesisguidingtodayandtomorrowsvehiclesystems,1
studio,1
classspinmailquilleditorspinbreakxyz,1
breezeapp,1
targetblankmakes,1
hrefhttpsherecomherexyzlaunch,1
sources,1
datasets,1
managing,1
addresses,1
multilayer,1
publish,1
blocks,1
fluid,1
combines,1
provocative,1
visualizations,1
locationdata,1
convincing,1
classspinmailquilleditorspinbreakneed,1
startedpp,1
giant,1
skip,1
enough,1
dive,1
setup,1
scaleable,1
pain,1
studioa,1
hrefhttpexplorexyzherecom,1
pointpp,1
analysts,1
targeted,1
bought,1
classspinmailquilleditorspinbreakyouve,1
learningp,1
classspinmailquilleditorspinbreakjill,1
classspinmailquilleditorspinbreakbest,1
todaystrongastrongstrongpp,1
targetblankstrongwed,1
hrefhttpswwwlinkedincompremiumproductsfamilylearningampahoytrueampchannellearningampdisablepromotrueamptypepremiumampdestredirecturlwwwlinkedincomflearningamptrklolcingenevrgengcntntlearningampmcid,1
skillsliulp,1
infrastructurelilibusiness,1
scienceliliit,1
developmentlilidata,1
developmentliliweb,1
includingpullisoftware,1
topics,1
classspinmailquilleditorspinbreakchoose,1
learningpp,1
tutorials,1
advancements,1
classspinmailquilleditorspinbreakeach,1
classspinmailquilleditorspinbreakhinbspleonardopp,1
brasilp,1
contrate,1
simule,1
planeje,1
aham,1
classspinmailquilleditorspinbreakdiga,1
apppp,1
simular,1
praticidade,1
consciente,1
taxas,1
liberal,1
liberaispp,1
mimp,1
respondidas,1
classspinmailquilleditorspinbreakps,1
architectpp,1
certified,1
classspinmailquilleditorspinbreakoracle,1
srpp,1
classspinmailquilleditorspinbreakarquiteto,1
rodriguespp,1
classspinmailquilleditorspinbreakjean,1
lapp,1
classspinmailquilleditorspinbreakte,1
forapp,1
inscreve,1
classspinmailquilleditorspinbreakas,1
tambemnbsppp,1
disposto,1
vinho,1
agua,1
tecnicasliulp,1
destacar,1
silicio,1
recomendacoes,1
gratuitalilidicas,1
empresalilihandson,1
sobreviveralilicomo,1
sobrevivera,1
momentum,1
relevante,1
permanecer,1
maislilicomo,1
critico,1
tornou,1
classspinmailquilleditorspinbreakbrpullipor,1
summitpp,1
classspinmailquilleditorspinbreako,1
seustrong,1
nivelnbsppp,1
classspinmailquilleditorspinbreakquer,1
restopp,1
qualificados,1
dourada,1
listapp,1
classspinmailquilleditorspinbreakmas,1
outraspp,1
recusei,1
perdi,1
diapp,1
ouro,1
valem,1
classspinmailquilleditorspinbreake,1
qualificadosstrongpp,1
enxurrada,1
classspinmailquilleditorspinbreakstronguma,1
significapp,1
classspinmailquilleditorspinbreaksabe,1
paulopp,1
chile,1
horizonte,1
belo,1
previstos,1
planeja,1
ondapp,1
surfar,1
tsunami,1
classspinmailquilleditorspinbreaknao,1
nuvempp,1
criticos,1
empresariais,1
workloads,1
migracao,1
viabilizar,1
agressivo,1
anunciou,1
cofundador,1
elisson,1
larry,1
classspinmailquilleditorspinbreakno,1
conquistar,1
ensinarstrong,1
enviando,1
classspinmailquilleditorspinbreakestou,1
brasilpp,1
petrobras,1
dba,1
unidos,1
estados,1
idealizador,1
rodrigues,1
apresentando,1
classspinmailquilleditorspinbreakme,1
coursesliliand,1
strongcoursesstrong,1
learningstrong,1
interestlilistronglinkedin,1
competitors,1
browsingstrong,1
classspinmailquilleditorspinbreakbrpullistronginmail,1
featurespp,1
premiumapp,1
targetblanka,1
hrefhttpswwwlinkedincompremiumproductsdisplayproductsamptypepremiumampsrcliinamptrkspinmlmktghacgsjsswvmptriggervlizaampmcid,1
sitep,1
hospital,1
domiciliar,1
isolamento,1
siga,1
sintomas,1
strongup,1
browsing,1
hrefhttpswwwlinkedincompremiumproductsdisplayproductsampfamilygeneralampedbvljhrtsyucpmualyjmdsvjqiomkwfyvamptypepremiumampsrcliinamptrkspinmlmktggsubhacgssimgrqlizacdampmcid,1
herestrongapp,1
targetblankstrongclick,1
stronga,1
classspinmailquilleditorspinbreakstrongto,1
nowapp,1
targetblankapply,1
availablepp,1
classspinmailquilleditorspinbreaknbspnbspnbspnbspnbspnbspnbspevening,1
study,1
advantagepp,1
technological,1
tableau,1
salesforce,1
incorporating,1
graduationpp,1
withing,1
secured,1
classspinmailquilleditorspinbreaknbspnbspnbspnbspnbspnbspnbspnbsp,1
strongwhich,1
oncampus,1
delivered,1
hrefhttpswwwlinkedincompremiumproductsdisplayproductsampfamilyjssampedbvljhrtsyucpmuakeujfkzyfhiteomblptyamptypepremiumampsrcliinamptrkspinmlmktgjsshacjsscglobalenspinchooserproplizacampmcid,1
viegasp,1
classspinmailquilleditorspinbreaksilvana,1
abracopp,1
classspinmailquilleditorspinbreakum,1
hojepp,1
pratica,1
gratuitonbspe,1
baixar,1
classspinmailquilleditorspinbreakaproveite,1
demaispp,1
classspinmailquilleditorspinbreakseguranca,1
adliulp,1
condicional,1
adliliacesso,1
multifator,1
adliliautenticacao,1
selfservice,1
senha,1
sobrepulliredefinicao,1
aprendera,1
classspinmailquilleditorspinbreakneste,1
segurancapp,1
potencializar,1
dicas,1
classspinmailquilleditorspinbreakcom,1
bempp,1
dayslilistrongexclusive,1
classspinmailquilleditorspinbreaknbsppullistronglinkedin,1
targetblank,1
hrefhttpswwwlinkedincompremiumproductsdisplayproductsampfamilyjssampedbvljhrtsyucpmuakeujfkzyfhiteomblptyamptypepremiumampsrcliinamptrkspinmlmktgjsshacjsscglobalenspinchooserproptesttreatmentfirewoodvampmcid,1
download,1
servicesbrp,1
youbramazon,1
brbrthank,1
donrsquot,1
brbrif,1
petabytescale,1
establishing,1
indepth,1
learnings,1
giving,1
session,1
brbreach,1
effectively,1
teach,1
sessions,1
five,1
consists,1
mastering,1
partnercast,1
personally,1
leonardobrbri,1
hrefhttpswwwlinkedincompremiumproductsdisplayproductsampfamilyjssampedbvljhrtsyucpmuakeujfkzyfhiteomblptyamptypepremiumampsrcliinamptrkspinmlmktgjsshacjsscglobalenspinchooserpropfirewoodampmcid,1
created,1
happily,1
abut,1
gauge,1
title,1
telb,1
mailtolbritogmailcom,1
feasible,1
october,1
scottsdale,1
ebays,1
katie,1
customizable,1
httpsbrandedme,1
valued,1
aceito,1
tavares,1
martineli,1
fluency,1
troubleshooting,1
discipline,1
cis,1
psp,1
gateway,1
xml,1
fraud,1
scripting,1
servers,1
programming,1
implementation,1
customerfacing,1
presentations,1
presales,1
scope,1
initiatives,1
contributing,1
blend,1
holder,1
supplier,1
relationship,1
regard,1
summary,1
titulo,1
expires,1
act,1
control,1
chops,1
terrific,1
programmer,1
showcase,1
httpcareersstackoverflowcomcvinvitationfcadeadcbfbc,1
invited,1
devbilkhutalentinternationalde,1
bilkhu,1
listed,1
points,1
surrounded,1
suppliers,1
thirdparty,1
integrated,1
familiar,1
demandware,1
hybris,1
intershop,1
qualities,1
hit,1
prices,1
branded,1
revolutionizing,1
optician,1
diana,1
arash,1
victor,1
acompanhar,1
aceitado,1
emmanuel,1
carolinajacobcrossovercom,1
jacob,1
demand,1
carolinajacob,1
httpscalendlycomcarolinajacob,1
httpsappcrossovercomxredirectjobutmcampaignhhzlizcj,1
rapidly,1
cliff,1
vest,1
salmensal,1
ace,1
acelerada,1
aceleracao,1
salesim,1
compromissos,1
assumir,1
macario,1
anapastortfgcocom,1
pastor,1
flight,1
craft,1
block,1
httpappadvicecomappnnappadvicestopfreeipadappsof,1
eleito,1
colorfy,1
estrelas,1
unico,1
store,1
shooter,1
sniper,1
hits,1
downloads,1
chegamos,1
lancados,1
sucessos,1
adianto,1
antemao,1
companhias,1
significativas,1
dave,1
interesentes,1
frontoroli,1
informasse,1
focal,1
requerimos,1
sobrando,1
interrompido,1
iniciado,1
realizada,1
duracao,1
diaadia,1
costuma,1
unir,1
aderencia,1
considerou,1
prokopets,1
leonid,1
positionplease,1
represent,1
hii,1
distantjobcom,1
distantjob,1
spoken,1
httpsstaffingempirecomapplyrefleonid,1
httpsstaffingempirecomjobsrefleonid,1
namerica,1
youfull,1
mopi,1
alionashtanukgmailcom,1
euro,1
fruits,1
table,1
soccer,1
familier,1
affordable,1
transparent,1
newest,1
combining,1
bestinclass,1
simplicity,1
smile,1
treatment,1
dentolo,1
situated,1
adding,1
rethink,1
intend,1
deal,1
cvs,1
almoco,1
cafe,1
batepapo,1
produtivo,1
oportuno,1
dela,1
melhora,1
apaixonados,1
sabesmas,1
bomvi,1
sundiamond,1
httpswwwyoutubecomwatchvaxppuqduat,1
goste,1
diamond,1
sun,1
banda,1
autoral,1
paulopandolficesarorgbr,1
confirme,1
pandolfi,1
alissoncruzspreadcombr,1
encaminhar,1
performace,1
tuning,1
objetos,1
aquisition,1
amaral,1
entrarmos,1
avalia,1
avaliado,1
idioma,1
anteriormente,1
fizemos,1
metodologia,1
httpshipstersjobsjobvagasdesenvolvedoresrubyonrailsplenoasenioralphavillesp,1
alphaville,1
emea,1
deignan,1
deep,1
target,1
extensive,1
awarded,1
consistently,1
httpswwwfacebookcomfacebookcareersvideos,1
aviv,1
capacity,1
smoothly,1
facebooks,1
hybrid,1
essentially,1
responsibilities,1
mentioning,1
switch,1
rodrigo,1
atc,1
divida,1
aderente,1
audens,1
zerotoonesearchcom,1
heloisazerotoonesearchcom,1
firmados,1
principios,1
symfony,1
zero,1
voltaremos,1
mutuo,1
terei,1
semestre,1
heloisa,1
gtech,1
mutually,1
feriado,1
transparency,1
absolutely,1
cipd,1
assoc,1
ltd,1
kenny,1
wwwsideroie,1
lifesidero,1
ireland,1
athlone,1
overseas,1
vindo,1
mining,1
reality,1
augmented,1
iot,1
industria,1
austriaca,1
andritz,1
sindus,1
bianka,1
bemvindo,1
sakurai,1
httpsbitlykqcxoh,1
brightest,1
collaboratively,1
velocity,1
deployment,1
aiming,1
extend,1
goal,1
solved,1
contribute,1
challenged,1
manner,1
efficiencies,1
accommodate,1
evolve,1
represents,1
maintaining,1
delighted,1
rapid,1
networks,1
deployments,1
sunny,1
topic,1
explain,1
faq,1
pursue,1
family,1
party,1
redlock,1
alibaba,1
hashicorp,1
relic,1
sponsored,1
likeminded,1
alexander,1
stepheson,1
httpswwwthoughtworkscomptnewsthoughtworksmostlovedcompanybrazil,1
httpswwwthoughtworkscomptnewstoptencompanybrazil,1
httpswwwthoughtworkscom,1
stephenson,1
europeia,1
gostavamos,1
tivemos,1
agradecemos,1
estiveres,1
detentor,1
fores,1
augusto,1
denis,1
arrumar,1
depends,1
iuliia,1
merci,1
thierrygerucombr,1
geru,1
colmeia,1
juntate,1
carolinagoncalvesbeeengpt,1
endereco,1
achamos,1
reforcar,1
bee,1
proxima,1
fimdesemana,1
indicado,1
correto,1
percebi,1
pergunta,1
alan,1
moro,1
ernieapp,1
sight,1
hired,1
preferably,1
accepting,1
rather,1
revolves,1
thesis,1
extensively,1
isabella,1
revert,1
primarily,1
appreciated,1
fixed,1
firefox,1
tried,1
error,1
incorrect,1
submit,1
openhttpsjobssmartrecruiterscomubisoftfullstackwebdeveloper,1
learned,1
ubisoft,1
briefly,1
karinbolanosubisoftcom,1
version,1
teenowcombr,1
teenow,1
descontraido,1
extremamente,1
compartilhamento,1
interno,1
sob,1
cursos,1
realizacao,1
objetivos,1
atingimento,1
bonificacao,1
custeado,1
auxiliocreche,1
rdia,1
auxilioalimentacao,1
leitura,1
insercao,1
rozze,1
robozinha,1
crawlers,1
partes,1
server,1
mariadb,1
cakephp,1
conforto,1
zona,1
spark,1
hadoop,1
dimensionais,1
nosql,1
crawling,1
unitarios,1
diferenciais,1
dessas,1
surpreendendo,1
mantenhamse,1
continuem,1
combinacao,1
disposta,1
reforco,1
diogo,1
managers,1
resource,1
cyber,1
certrp,1
mirp,1
houghton,1
uae,1
dhabi,1
abu,1
pursuing,1
loans,1
quicken,1
hackernews,1
detroit,1
lmmillerapexsystemsinccom,1
miller,1
referrals,1
grateful,1
arent,1
orchestration,1
container,1
broader,1
portland,1
reliability,1
eventually,1
hbs,1
reminder,1
akuaro,1
crossland,1
cano,1
spectrum,1
whole,1
knowing,1
cultural,1
sort,1
commented,1
spanish,1
grossyear,1
backends,1
httpswwwlinkedincomjobsview,1
paperwork,1
sponsor,1
methodologies,1
cities,1
placed,1
opinion,1
payroll,1
higher,1
eventsday,1
metric,1
decisions,1
highlevel,1
stakeholders,1
dealing,1
backenddevops,1
quicker,1
explained,1
disclaimer,1
thomasakuarocom,1
addressed,1
storage,1
uploaded,1
zip,1
document,1
word,1
explanation,1
doable,1
entertaining,1
additionally,1
topnotch,1
contributions,1
github,1
repositories,1
file,1
bottom,1
adress,1
zenderowska,1
magdalena,1
httpsjobssusecomjobnurembergfullstackwebdeveloper,1
interoperable,1
pioneer,1
town,1
reason,1
magdalenazenderowskasusecom,1
scheduling,1
eliana,1
locawebers,1
quinto,1
eleita,1
danny,1
vindas,1
serao,1
httpsawsamazoncom,1
dmmanavaamazoncom,1
manavalan,1
sandiya,1
reviewing,1
nest,1
httpswwwamazonjobsenjobsseniorsoftwaredevelopmentengineer,1
httpswwwamazonjobsenjobssoftwaredevelopmentengineerii,1
httpsawsamazoncomsnowmobile,1
finds,1
somehow,1
overcome,1
roadblock,1
reticent,1
says,1
reiterate,1
anyway,1
without,1
inperson,1
tough,1
informed,1
hold,1
told,1
feb,1
sdeii,1
linck,1
february,1
okay,1
forgot,1
hence,1
extended,1
ingressos,1
contratando,1
midlands,1
terry,1
uptodate,1
rates,1
proven,1
space,1
contractor,1
ahmad,1
travelling,1
thousands,1
incredibly,1
experiment,1
autonomous,1
experimentation,1
amsterdam,1
accommodation,1
easiest,1
needless,1
wwwbreakcom,1
saindo,1
promocao,1
custa,1
qualificado,1
gratis,1
matricula,1
espanhol,1
aprende,1
break,1
retencao,1
graziella,1
httpcareersbrdaitancomvagas,1
wwwdaitancom,1
ligarmos,1
agradeceria,1
campinas,1
apesar,1
poderiam,1
vrowallmicrosoftcom,1
followed,1
screening,1
peer,1
inclined,1
fernandes,1
alana,1
ambito,1
trata,1
lter,1
fundao,1
irving,1
wonderful,1
nejad,1
young,1
wellestablished,1
leornardo,1
evening,1
meant,1
brilliant,1
took,1
unable,1
meetings,1
satisfied,1
reviews,1
careful,1
declined,1
wwwpalantircom,1
visiting,1
align,1
descriptions,1
leveling,1
titles,1
confine,1
contributors,1
latitude,1
tremendous,1
assume,1
suggests,1
priority,1
maintainable,1
extensible,1
concepts,1
architectural,1
encouraging,1
complexity,1
sheer,1
wellrenowned,1
robust,1
analyses,1
palantirs,1
externally,1
appreciation,1
myself,1
rockspoon,1
mimassi,1
georges,1
cell,1
jobsbrrockspooncom,1
facilities,1
gym,1
dinner,1
breakfast,1
meal,1
distance,1
walking,1
rent,1
costs,1
russia,1
lebanon,1
notch,1
enriching,1
carrier,1
elastic,1
mongo,1
doubling,1
june,1
stealth,1
replaces,1
radically,1
restaurants,1
healthier,1
meals,1
ferraz,1
elvira,1
rua,1
bavani,1
expectations,1
spare,1
play,1
bright,1
technologiesfollowing,1
accountability,1
autonomy,1
funding,1
reinvest,1
bigger,1
gps,1
dyk,1
handle,1
involved,1
items,1
specialty,1
purchase,1
visitors,1
assist,1
silveira,1
httpsdogheroworkablecomjobs,1
httpswwwyoutubecomwatchvdzhkytkz,1
iniciando,1
criou,1
saberia,1
curiosidade,1
procurei,1
intermediaria,1
brutos,1
kano,1
saudades,1
morei,1
procuralo,1
irei,1
seletivos,1
terminando,1
atuais,1
tido,1
macedo,1
ligo,1
explique,1
dobrar,1
amada,1
kaszek,1
redpoint,1
investidores,1
americanos,1
ceos,1
avaliaria,1
solida,1
academica,1
juliana,1
kelloff,1
encourages,1
apex,1
wnike,1
httpsjobsnikecomnikeworldheadquartersoregon,1
encourage,1
edge,1
cutting,1
desire,1
hillsboro,1
corcoran,1
settlement,1
lifting,1
canadas,1
workers,1
skilled,1
signed,1
httpswwwlinkedincomcompanyglobaltalentaccelerator,1
postings,1
thereafter,1
preference,1
jonathanwellsrentalcarscom,1
wells,1
jonathan,1
nationalities,1
originate,1
fact,1
httpswwwtelegraphcouktechnologydoesmanchesterhavetakessurpasslondonukstechhub,1
httpswwwmanchestereveningnewscouknewsgreatermanchesternewsmanylondonersleavingcapitalmanchester,1
httpslondonistcomlondonmanchestervslondon,1
dated,1
httpsengineeringrentalcarscom,1
httpswwwlinkedincomfeedupdateurnliactivity,1
ytd,1
promotionstransfers,1
stats,1
continual,1
solvelarge,1
means,1
operate,1
progression,1
lots,1
unit,1
transportation,1
bookinggo,1
nationality,1
bruno,1
aceita,1
httpsmediumcomvtexlabbenefitsofbeinginagreatworkplacecultureaaf,1
globais,1
forrester,1
gartner,1
institutos,1
reconhecidos,1
omnichannel,1
prospectando,1
celeiro,1
percebeu,1
fonseca,1
zoom,1
economica,1
justica,1
pegada,1
thoughtwork,1
sucesos,1
platero,1
httpsbitlynnvnn,1
entenda,1
gestor,1
norte,1
aesta,1
empres,1
algoritmos,1
simultaneamente,1
altissima,1
seriae,1
estrutra,1
interacao,1
familiaridade,1
unity,1
engine,1
utilizado,1
prometheus,1
utilizacao,1
aceitamos,1
tendencias,1
envolvido,1
pagara,1
residindo,1
diferenciado,1
pacote,1
conforme,1
possuo,1
interessei,1
elenarockstarcoderscom,1
goodfolk,1
curley,1
elenacurley,1
elevate,1
amenities,1
price,1
filtering,1
ccrcs,1
living,1
independent,1
citizens,1
allows,1
httpswwwlinkedincomshowcaseavanadebrasil,1
visitar,1
transformamos,1
distribuidas,1
jointventure,1
bemsucedida,1
sinergia,1
exista,1
explicar,1
analisando,1
lider,1
estruturar,1
criando,1
httpsyellowbreezyhrpddfbbackenddeveloper,1
maite,1
toque,1
jovens,1
interesso,1
pesquiso,1
consultores,1
jeanfrancois,1
chifre,1
corno,1
cake,1
bro,1
encontro,1
alinhada,1
rubyremoto,1
httpswwwruntasticcomen,1
dropped,1
drop,1
structure,1
template,1
larger,1
geared,1
hamburg,1
pack,1
changed,1
certainly,1
congratulations,1
informe,1
agressiva,1
enquadra,1
notei,1
httpbitlyguiabolsobackenddev,1
especifico,1
exige,1
guiabolso,1
indicou,1
intera,1
troquei,1
ficarei,1
membro,1
informatica,1
centro,1
exalunos,1
associacao,1
portugues,1
mande,1
perfis,1
entretanto,1
wealth,1
httpslnkyinthiagouniciv,1
httpbitlyunicivthiago,1
validade,1
conquiste,1
especializar,1
pos,1
arduino,1
asp,1
dart,1
jsf,1
kanban,1
promocional,1
preco,1
uniciv,1
estude,1
ead,1
berns,1
blumenausc,1
marcela,1
holanda,1
trocarmos,1
esporte,1
academia,1
estacionamento,1
combustivel,1
remedios,1
oculos,1
reembolso,1
creche,1
infantil,1
educacao,1
tecnicas,1
certificacoes,1
idiomas,1
refeicao,1
metlife,1
nominais,1
descontracao,1
clima,1
combina,1
estrategicos,1
modo,1
atuara,1
exfuncionarios,1
sonho,1
nasceu,1
nessas,1
mudancas,1
httpswwwhuntingticomoportunidadesid,1
estado,1
implementando,1
ceara,1
fortaleza,1
roberta,1
trilha,1
afonso,1
trouxe,1
incomodo,1
hackeada,1
spam,1
pablo,1
vir,1
compreender,1
maceio,1
recordese,1
imagina,1
cordialmente,1
localizacao,1
httpswwwonlinepesquisacomscbda,1
individualmente,1
analisado,1
identificado,1
respondente,1
nenhum,1
stress,1
burnoutprincipalmente,1
satisfacao,1
pessoais,1
respondendo,1
equipes,1
atuam,1
realizando,1
aluno,1
coracao,1
amo,1
livre,1
lula,1
mae,1
abencoada,1
casamento,1
amigos,1
mantenho,1
felicidade,1
inversa,1
funcao,1
contactar,1
conseguindo,1
utiliza,1
puderes,1
tiveres,1
legais,1
lembrou,1
lembranca,1
reuniu,1
noticias,1
ptambem,1
voltou,1
httpsgiphycomgifsrequesthiputinjbgjizvxgc,1
conhecia,1
surreal,1
putin,1
rethinking,1
ended,1
sylwia,1
intrigues,1
pleasure,1
bellevue,1
regardless,1
issue,1
wasnt,1
recruiters,1
updates,1
vigorous,1
citizenship,1
type,1
understandable,1
knowledgeable,1
basics,1
redirect,1
nudge,1
nobre,1
pedro,1
wwwamazonjobsenprivacyeu,1
lecourt,1
gladly,1
happen,1
four,1
round,1
result,1
exists,1
curriculum,1
candidacy,1
evaluate,1
computer,1
simply,1
aspects,1
hundreds,1
direction,1
influence,1
endtoend,1
amazons,1
elsewhere,1
peru,1
goes,1
httpswwwlinkedincomhireinterviewmsrtbcgschedulercid,1
deixarei,1
atraves,1
httpscareersavanadecomjobsptbrjobdetaildesenvolvedorsniornodejsdockerre,1
compativel,1
recifepe,1
wwwavanadecom,1
convidoo,1
escrevo,1
leonrdo,1
consultor,1
priscila,1
bemvindas,1
centervienna,1
innovatiave,1
branch,1
particularly,1
handling,1
direct,1
excuse,1
comes,1
pipeline,1
informative,1
disposal,1
remain,1
silva,1
bitdordtech,1
grnhseaaee,1
importantes,1
conceitos,1
mkt,1
bilhoes,1
emails,1
bilhao,1
processamos,1
escalabilidade,1
envolvendo,1
crescemos,1
vinda,1
triotech,1
manley,1
medtech,1
lined,1
interviewsplease,1
httpsjobskenobycomnelogica,1
lourenco,1
envia,1
desafiostopa,1
desenvolvemos,1
eae,1
airton,1
escutar,1
dado,1
tiffanydhalcyonknightscomau,1
duong,1
httpscalendlycomtiffanyhkphonecall,1
loves,1
culturally,1
backendapi,1
technically,1
commitment,1
recognised,1
considering,1
renata,1
evoluir,1
consideramos,1
dispostas,1
hibrido,1
label,1
white,1
crucial,1
cupons,1
lemoney,1
marina,1
parcial,1
selecionando,1
adulto,1
pubiclo,1
customizado,1
adultos,1
vindoa,1
dialeonardo,1
lais,1
httpswwwamazonjobsenjobsawssoftwaredevelopmentengineersaopaulohiringeventmarch,1
aplique,1
interessadao,1
prerequisito,1
interessadaos,1
candidataos,1
talentosaos,1
cercadao,1
afeta,1
motivadao,1
engenheirao,1
formation,1
donovan,1
trips,1
educational,1
usual,1
lambdas,1
sitting,1
stuff,1
bunch,1
aimed,1
aptible,1
hosted,1
rocketing,1
sky,1
rabbitmq,1
varying,1
headcount,1
half,1
double,1
founders,1
invision,1
cloverhealth,1
likes,1
backing,1
magazine,1
entrepreneur,1
entrepreneurial,1
award,1
valleys,1
winners,1
httpswwwklaracomproduct,1
doctors,1
founded,1
outcomes,1
patient,1
profitability,1
improves,1
medical,1
intercom,1
curtem,1
considerada,1
creditas,1
apresentamos,1
entramos,1
preferir,1
contente,1
regis,1
lira,1
compromisso,1
joia,1
brigada,1
wwwcartkitcomcareers,1
cartkit,1
cardeal,1
donato,1
compor,1
significativo,1
httpspismoiopt,1
gerenciamento,1
wallets,1
emissao,1
completa,1
techfin,1
trazer,1
moore,1
httpswwwwolframcomcompanycareersopportunitiesopincrementalqualitydeveloperconsultantsouthamerica,1
formally,1
incremental,1
traill,1
guarantee,1
highlyskilled,1
steady,1
industries,1
array,1
haven,1
agency,1
fullservice,1
naquela,1
emigrando,1
patriciaferreirabwdigitalcom,1
comunicar,1
thread,1
andreaduartebwdigitalcom,1
sidevaniabarbosabwdigitalcom,1
copia,1
saco,1
encher,1
quartafeira,1
slack,1
falecomrhbwdigitalcom,1
tentou,1
justificar,1
lembrando,1
pinguei,1
contabilidade,1
pendencia,1
perguntando,1
aparece,1
emailtelefone,1
lugares,1
incomodar,1
tenh,1
allanjsouzagmailcom,1
doc,1
lembrar,1
encaminho,1
editei,1
metadados,1
reticente,1
outubro,1
repetir,1
olhei,1
edito,1
cvafter,1
update,1
necessary,1
emailif,1
suggest,1
leonardoim,1
intro,1
hopping,1
logic,1
sumo,1
prestado,1
recebimento,1
operacoes,1
reducao,1
empregadora,1
marca,1
miranda,1
conteudos,1
artigos,1
encontra,1
httpswwwyoutubecomwatchvcfemppcgtd,1
comite,1
httpswwwlinkedincomcompanyolxbrasil,1
httpswwwyoutubecomwatchvldkvofkjsfeatureyoutube,1
acontecem,1
mensais,1
talks,1
camp,1
lars,1
qcon,1
presenca,1
comunidade,1
compartilhamos,1
bases,1
prefere,1
integrados,1
gigantes,1
ferramentas,1
contamos,1
suportem,1
servicos,1
desafiado,1
anuncios,1
milhao,1
minuto,1
requisicoes,1
cerca,1
recebe,1
adevinta,1
prosus,1
classificados,1
consumo,1
reinventando,1
cresce,1
vieira,1
recomendar,1
agilizarmos,1
contactos,1
httpswwwwinprovitptopportunitiesrubyonrailsdeveloperwin,1
analisar,1
curtomedio,1
desafiante,1
perceber,1
gostava,1
considero,1
winprovit,1
encontralo,1
oconnor,1
knit,1
creates,1
relocated,1
bonding,1
laid,1
incase,1
dirty,1
hands,1
largely,1
russian,1
argentinian,1
shiny,1
nda,1
greenfield,1
integrations,1
introduce,1
maintenance,1
boring,1
heavily,1
surveys,1
sophisticated,1
institute,1
heard,1
onhold,1
leanardo,1
pandemic,1
identificou,1
crossborder,1
provedor,1
aumento,1
relatorio,1
vende,1
aspecto,1
franco,1
correta,1
dependendo,1
desconheco,1
orientar,1
olhe,1
iof,1
aceitacao,1
taxa,1
existe,1
procuro,1
veem,1
poucas,1
compleanno,1
buon,1
inscrevase,1
httpswwwyoutubecomchannelucfynvejawpgbhczxwwsubconfirmation,1
wwwlinkedincominantunesdevweb,1
marcos,1
antunes,1
alcancados,1
desejos,1
realizados,1
sejam,1
paz,1
bencaos,1
coloque,1
deus,1
leite,1
manoel,1
ampliando,1
conexoes,1
estreitar,1
havia,1
desculpe,1
fecharem,1
inteiramente,1
cltpj,1
prestacao,1
pontual,1
sumiram,1
baguncado,1
andressa,1
condizente,1
httpsateliwarerecruiteecomosoftwareengineercuritiba,1
olhadinha,1
somente,1
matriz,1
ateliware,1
httpsgithubcomgaragescriptmyproxy,1
solves,1
httpslbritogithubioblogfreehttpshomeserverhtml,1
httpsgithubcomlbritoandroidanalytics,1
submission,1
saved,1
fresh,1
knew,1
describes,1
stereotype,1
unrealistic,1
wow,1
presented,1
cohort,1
truth,1
ago,1
themd,1
laugh,1
notes,1
sticky,1
uses,1
clueless,1
ugh,1
basic,1
rude,1
functional,1
brains,1
racking,1
feeling,1
money,1
beautifulhttpsguavasoftware,1
old,1
impression,1
individuals,1
untalented,1
probably,1
guys,1
websited,1
vitoriaes,1
vibe,1
ares,1
respirar,1
suspeito,1
tops,1
entendido,1
devera,1
asyncio,1
desejaveis,1
prs,1
bdd,1
hooks,1
thunk,1
horista,1
surgiu,1
biologics,1
upstream,1
specialize,1
lescaille,1
daniela,1
httpswwwintegritasnet,1
integritas,1
members,1
interact,1
verbally,1
schema,1
efficient,1
nuances,1
syntax,1
httpsintegritasbreezyhrpeaebcebrubyonrailsdeveloper,1
httpsjobssolidescomsegfyevocevaga,1
segfy,1
ficaram,1
ambas,1
elixir,1
obrigatorio,1
dominio,1
seis,1
uiux,1
usabilidade,1
utilizadas,1
eletronico,1
comercio,1
bagagem,1
iniciativa,1
tomamos,1
aspectos,1
dentre,1
decidimos,1
encontrarem,1
percebemos,1
laet,1
slow,1
bloat,1
memory,1
scoutapm,1
experiencing,1
improvement,1
httpsterligetstarted,1
monitoring,1
anymore,1
bug,1
surgiram,1
convenient,1
wonder,1
enrich,1
knack,1
importantly,1
reporting,1
stable,1
sixyear,1
rich,1
germanyonsite,1
munich,1
trending,1
lorina,1
httpbitlytnjkm,1
gratuitamente,1
publicala,1
voltada,1
programathor,1
fernando,1
goode,1
insight,1
toward,1
flatiron,1
theory,1
graph,1
speeding,1
thoroughly,1
decide,1
occasionally,1
fallen,1
indeed,1
appgas,1
freelancing,1
tratase,1
unix,1
operacionais,1
consultas,1
cache,1
mecanismos,1
activeview,1
activecontroller,1
activerecord,1
solido,1
basicos,1
complexos,1
resolucao,1
observer,1
singleton,1
mvc,1
padroes,1
general,1
whatever,1
angie,1
usbased,1
eastern,1
spain,1
coworkers,1
geographically,1
crocianelli,1
bootstrap,1
requires,1
else,1
liberdade,1
tomei,1
ubiminds,1
conseguiu,1
muitooo,1
oie,1
vuereact,1
bay,1
belen,1
estate,1
careersvirtualmindcom,1
agree,1
bravo,1
naveda,1
manuel,1
tseng,1
acumen,1
httpsjobslevercointricatelyfefbeffecb,1
released,1
extension,1
dataset,1
navigate,1
explorer,1
behavior,1
spend,1
identify,1
midst,1
loosely,1
thami,1
homeoffice,1
dando,1
estive,1
bojco,1
pace,1
bancaria,1
transparentes,1
relacoes,1
surpreender,1
ouviu,1
caminhada,1
inclusao,1
abrimos,1
espanolportunolingles,1
contestarme,1
puedes,1
struggling,1
hacks,1
photo,1
ricardo,1
answers,1
vacs,1
estimate,1
collect,1
lower,1
mexico,1
traveling,1
reopen,1
halted,1
mostly,1
escribirte,1
voy,1
aceptar,1
gracias,1
officials,1
spouse,1
restriction,1
travel,1
mail,1
closed,1
despite,1
avoiding,1
requests,1
opened,1
provided,1
fortunately,1
residence,1
hopefully,1
unaware,1
throughout,1
extremely,1
arrive,1
pensamos,1
meta,1
steven,1
expand,1
rubyists,1
fellow,1
frontendhtml,1
clean,1
desenvolvedxr,1
socio,1
cel,1
ednalopestiviaticombr,1
reposta,1
voltado,1
braga,1
bruna,1
presence,1
board,1
wellknow,1
confirmation,1
fiestas,1
felices,1
red,1
anadirte,1
gustaria,1
santiago,1
entraremos,1
valoriza,1
funcionarios,1
estrutura,1
integracao,1
permitir,1
httpbitlyhlymq,1
continuas,1
entregas,1
estabilidade,1
garantam,1
abordagem,1
testado,1
devidamente,1
funcional,1
responsavel,1
ambiental,1
positivamente,1
ciclo,1
gentilmente,1
brecho,1
sustentabilidade,1
ajudo,1
ghidinirodil,1
httpswwwhumanazcombrjobsdesenvolvedorfullstackrubyonrails,1
tecnologico,1
roadmap,1
tocar,1
atraindo,1
comissionamentos,1
desburocratizacao,1
splitmaker,1
hameister,1
httpsmediumcomrdshipit,1
httpbitdordtech,1
nestes,1
achas,1
talentoso,1
mega,1
aposta,1
implementacoes,1
criativas,1
constantemente,1
gerar,1
rdstation,1
rapidos,1
experimentos,1
plg,1
carinha,1
lindo,1
experimentacao,1
hourly,1
remunerado,1
descanso,1
liber,1
httpbitlykayick,1
aluguer,1
opera,1
campers,1
indie,1
morar,1
urbano,1
ciberseguranca,1
flo,1
faster,1
article,1
salve,1
newer,1
florian,1
asap,1
articles,1
httpswwwmesainccombrhome,1
httpscalendlycommarianalunaboraconversar,1
ctg,1
aponta,1
webmotors,1
suvinil,1
ambev,1
trackfield,1
voltadas,1
criar,1
hunters,1
httpspyjobscombrjobutmsourcejobslisting,1
scraping,1
httpspyjobscombrjobutmsourcelinkedinlisting,1
freelance,1
giuffre,1
veronica,1
lessons,1
offteam,1
milestones,1
log,1
chathttpscalendlycomverogiumeetingmin,1
calendarto,1
pleaseselect,1
githubpostgresql,1
exp,1
innorth,1
augmentation,1
analytical,1
salaryto,1
havefor,1
arg,1
leoi,1
simon,1
ian,1
seen,1
duron,1
aurora,1
httpswwwglassdoorcomreviewsfullstacklabsreviewsehtm,1
star,1
equal,1
wwwfullstacklabsco,1
ekso,1
godaddy,1
uber,1
ember,1
oileonardo,1
moda,1
apressando,1
excecutive,1
roshini,1
permits,1
mysqlnodejs,1
javascriptawsecredis,1
basicintermediateadvanced,1
geography,1
belong,1
kkkkkkk,1
cabeca,1
balancar,1
esquerda,1
esconder,1
reunioes,1
vendo,1
appnomadscomoffercnzfkiw,1
promising,1
selfinterview,1
task,1
scary,1
self,1
automated,1
hurray,1
otherwise,1
httpstmesixnomadsbot,1
bot,1
gems,1
nomadscom,1
benefit,1
somebody,1
easily,1
usually,1
appnomadscomofferlcfbeinhq,1
qualifications,1
enlyft,1
isadora,1
prefira,1
httpbitlybookingsvnt,1
eletronicos,1
fabricacao,1
mundiais,1
certain,1
line,1
establish,1
heya,1
hannah,1
lovely,1
circumstances,1
httpsdocsgooglecomformsdohtzmicbxgyufswsyawdcqiiuvawjvxfasytjltkedit,1
bother,1
canhave,1
consolidated,1
opinions,1
entering,1
newly,1
httpbitlyvjsdv,1
httpbitlyolxjobsbr,1
senioridade,1
curiosa,1
escalando,1
baseada,1
bemvinda,1
abordala,1
alocacao,1
poatek,1
movile,1
investida,1
musica,1
superplayer,1
gerenciar,1
clickbus,1
srespecialista,1
impulsionar,1
robusto,1
torcendo,1
httpbitlyolxmedium,1
httpbitlyolxdentro,1
httpbitlycarreiraolx,1
formacao,1
especialistas,1
estivemos,1
coffeetea,1
cgtrader,1
httpsjobskenobycomlocawebjobespecialistadesistemascontratacaoremotafedcfabedutmsourcewebsite,1
chama,1
compreendo,1
talents,1
connects,1
qonto,1
emailed,1
httpsnfluencersmarketingcom,1
manutencao,1
nfluencersmarketing,1
abracar,1
estarias,1
moreira,1
trabalhou,1
ouvido,1
responsaveis,1
mantendo,1
convince,1
happiest,1
poland,1
visited,1
infos,1
taxes,1
gave,1
typically,1
typical,1
compensations,1
exactly,1
inexpensive,1
city,1
summer,1
krakow,1
useful,1
wroclaw,1
await,1
suitable,1
webstarted,1
pinheiros,1
internalizacao,1
tais,1
adorei,1
getninjas,1
josi,1
her,1
she,1
nascimento,1
atuou,1
autonomia,1
attracting,1
httpssoftjourncomcareersseniorrorengineerwroclaw,1
sourcering,1
moretti,1
soa,1
capacidade,1
afetara,1
fara,1
consumidores,1
impactando,1
ponta,1
relevantes,1
globalmente,1
boaaaaaa,1
zimmermann,1
beatriz,1
afora,1
apaixonantes,1
compra,1
aproximar,1
tanaka,1
akio,1
recebemos,1
httpsosfdigitalptsitemap,1
jullyanesanchoosfdigital,1
assessorar,1
parceiras,1
exclusivo,1
psicologia,1
dura,1
expectativas,1
alinhar,1
norteamericanos,1
diario,1
havera,1
boot,1
spring,1
trabalhara,1
estrategica,1
eleitos,1
fca,1
globo,1
twitter,1
gap,1
apple,1
ebay,1
norteamericana,1
acquisiton,1
carol,1
albuquerque,1
httprnstadbizswkwrewk,1
pet,1
suprimentos,1
enquadre,1
humanos,1
tengas,1
encantaria,1
interesante,1
sugerido,1
salido,1
navegando,1
encontraba,1
veras,1
montevideo,1
condition,1
incentives,1
content,1
quadros,1
lang,1
estendidos,1
ecore,1
iniciarmos,1
bmotaaubaycom,1
envies,1
pecote,1
financeiramente,1
juridicamente,1
ajudamos,1
conheces,1
pensaste,1
painter,1
figurative,1
salas,1
httpscalendlycomfatimasmmeeting,1
httpsboardsgreenhouseioablejobs,1
opening,1
wants,1
sparked,1
bitlyrkmhi,1
bitlyayyxwd,1
construam,1
acreditem,1
seguradora,1
seguros,1
insurtech,1
located,1
scott,1
man,1
welll,1
question,1
odd,1
values,1
blindly,1
shouldnt,1
martorell,1
httpslilarkcomvfcir,1
firebase,1
lambda,1
cloudfront,1
fluent,1
proficient,1
counts,1
spectora,1
aniversariotenha,1
realizem,1
falte,1
esperancas,1
felizes,1
lembrancas,1
gossler,1
leticia,1
propostas,1
hibrida,1
mobilidade,1
transporte,1
disys,1
motivos,1
discricao,1
participou,1
resta,1
congelado,1
novidade,1
batch,1
fisico,1
cabreiro,1
meados,1
empurrada,1
agosto,1
falaram,1
atualiacao,1
reabrirem,1
consultorios,1
embaixadas,1
determinar,1
considerando,1
comprove,1
certificacao,1
cicgcca,1
avulso,1
preparar,1
agente,1
sangue,1
telefones,1
vdrl,1
hiv,1
bolso,1
prepara,1
agendado,1
debito,1
secretaria,1
bicam,1
requerimentos,1
esquecendo,1
vacilei,1
dependem,1
livrar,1
valendo,1
bloqueio,1
agendou,1
atualizar,1
voo,1
desembolsar,1
indenizatoria,1
verba,1
aquela,1
cobrir,1
coberto,1
policies,1
grana,1
revisada,1
proporcional,1
pagam,1
providenciam,1
hum,1
adiantado,1
states,1
pagar,1
abrangente,1
httpswwwcicgccaenglishinformationwheretogivebiometricsasp,1
abre,1
rodando,1
gnomelinux,1
argos,1
bitbar,1
wordpress,1
colher,1
reddit,1
mexer,1
receios,1
viss,1
boca,1
meia,1
sys,1
brincando,1
divertido,1
desconfortavel,1
verificacao,1
adiada,1
botado,1
ressarcir,1
tenta,1
pede,1
aquilo,1
carro,1
perto,1
ficam,1
fonte,1
jayme,1
jose,1
memorial,1
horas,1
levei,1
voltei,1
vira,1
unimed,1
sulamerica,1
perfeito,1
ginter,1
chamada,1
maritima,1
limite,1
frete,1
atendendo,1
navio,1
couber,1
liga,1
eisso,1
roupa,1
sobrar,1
panela,1
prato,1
utensilios,1
util,1
mobiliado,1
graca,1
afinal,1
cadeiras,1
moveis,1
casamos,1
huahuahuahuahua,1
cadeira,1
kkkkkk,1
asiaticos,1
sul,1
richmond,1
finalmente,1
mymobility,1
conferindo,1
abertura,1
acompanhando,1
abrindo,1
ficava,1
fechamento,1
aguardasse,1
fortemente,1
definitiva,1
saudade,1
tai,1
completasse,1
caro,1
peguei,1
completion,1
porra,1
novembro,1
ocupar,1
entregamos,1
preparation,1
emedical,1
parecidas,1
scan,1
estudou,1
ctci,1
estudei,1
url,1
encurtador,1
eram,1
perguntaram,1
oksana,1
prestativa,1
dana,1
estimado,1
achando,1
travado,1
resto,1
backlog,1
pisar,1
hauahuahu,1
huauhahuahu,1
impediu,1
angustiante,1
cumpre,1
relaxa,1
inesperada,1
exato,1
introduzir,1
esquema,1
fizessem,1
zerado,1
completamente,1
chegaria,1
chegasse,1
comecaria,1
especificamente,1
sediada,1
ahahhaah,1
hhahahahahahaha,1
ansioso,1
pensava,1
vei,1
hahahahaha,1
sozinho,1
sofrer,1
mentindo,1
disser,1
huauhahuauh,1
pdfs,1
bulir,1
precisou,1
faltando,1
confirmar,1
formularios,1
aaah,1
veio,1
curioso,1
novidades,1
pendente,1
correspondencia,1
fazerem,1
bio,1
stream,1
wage,1
biometrias,1
solicitacoes,1
reabrir,1
colegio,1
traumatica,1
prova,1
marcada,1
faleceu,1
pai,1
pesames,1
limbo,1
sabemos,1
pude,1
vazio,1
motivacao,1
kkk,1
caras,1
arranjei,1
afim,1
rpgs,1
valorant,1
zelda,1
steam,1
fallout,1
comprei,1
player,1
single,1
rpg,1
heheh,1
gamecube,1
symphonia,1
tales,1
joguei,1
abriu,1
visse,1
doido,1
continua,1
juntas,1
irem,1
formulario,1
kkkkkkkk,1
reforma,1
termina,1
aptos,1
cabelos,1
puxando,1
kkkkkkkkkkkkkk,1
acordar,1
quebraquebra,1
cronometro,1
portaria,1
corredores,1
elevador,1
desinfetante,1
zeladores,1
distante,1
assento,1
deloitte,1
abra,1
encaixa,1
telha,1
ultimamente,1
fazem,1
mexo,1
medo,1
prefiro,1
podia,1
usava,1
mestrado,1
reverse,1
coloco,1
httpsieeexploreieeeorgdocument,1
hahahahuahuahuhau,1
obviamente,1
artigo,1
estendida,1
versao,1
httpsarxivorgpdfpdf,1
mediodificil,1
ahco,1
automatizada,1
variadas,1
csv,1
parser,1
perguntarem,1
paper,1
yum,1
cima,1
pulam,1
candidato,1
brincam,1
recrutou,1
httpssensortowercomblogspeedingupthebackendwithgraphtheory,1
skimming,1
resumida,1
pros,1
naive,1
anterior,1
logn,1
seguir,1
saca,1
armazenar,1
iamos,1
arvore,1
chegam,1
arvores,1
tipos,1
funciona,1
pequeno,1
nodes,1
mostra,1
grafico,1
centenas,1
estavel,1
surgirem,1
eventualmente,1
acumulando,1
abusa,1
recorrente,1
truescreen,1
demorando,1
kkkkkkkkkk,1
inacreditavel,1
trafico,1
genocidio,1
cometemos,1
troco,1
juramentada,1
traducao,1
abro,1
italiana,1
soda,1
garrafa,1
hauuhiaiauha,1
closely,1
tricky,1
serverless,1
cicd,1
host,1
glue,1
filled,1
flor,1
delgado,1
ranging,1
venturebacked,1
vemserlocaweb,1
apaixonar,1
spoiler,1
movimentacao,1
httpswwwlocawebcombrsobrelocaweb,1
locaweber,1
empenho,1
considerados,1
unidades,1
mesmos,1
cresca,1
esquecer,1
desenvolva,1
excepcional,1
incriveis,1
httpsjobskenobycomlocawebjobseniorsoftwareengineerbfaeadacdbutmsourcewebsite,1
multinacionais,1
diretores,1
turma,1
cases,1
fgv,1
alunos,1
adequado,1
dispor,1
httpshipstersjobsjobrubyengineerlisbonportugal,1
vacancy,1
lisbon,1
stages,1
vacancies,1
asking,1
delightful,1
makerwwwmakerco,1
leonardotudo,1
importar,1
aviaoaeroporto,1
inteira,1
frustrante,1
contemporaneo,1
caber,1
entrevistando,1
indo,1
respectivamente,1
voos,1
comentarios,1
cobrancaestresse,1
preocupacao,1
impressoes,1
conversei,1
querendo,1
tiveram,1
temporario,1
reinvent,1
apresentado,1
deadlines,1
org,1
timeorg,1
gosta,1
cai,1
interna,1
tmabem,1
externamente,1
relativamente,1
amazonaws,1
arrependo,1
johnson,1
rolou,1
ememdar,1
tentei,1
aparentemente,1
agradecido,1
decisao,1
multiplas,1
vierem,1
pareceu,1
terminei,1
balancado,1
assusta,1
oncall,1
desafiooportunidade,1
muitos,1
coordenadora,1
respondi,1
sextasfeira,1
recurtadora,1
definir,1
responderem,1
dividir,1
preparam,1
pouquinho,1
segura,1
ocupados,1
podiam,1
explicacao,1
gilmoure,1
survey,1
followup,1
estranho,1
apresentarem,1
ack,1
parecida,1
passos,1
mandarem,1
reponsavel,1
cuidando,1
confirmou,1
tyson,1
marcamos,1
comenta,1
margem,1
estimativa,1
realidade,1
confia,1
recomenda,1
maximo,1
diga,1
dirigindo,1
assustou,1
quao,1
interrompa,1
propria,1
recomendacao,1
ajudado,1
prestativo,1
corrido,1
pto,1
somam,1
terem,1
segundas,1
verao,1
estrito,1
vantagem,1
ficando,1
viajando,1
queriam,1
terminar,1
acabado,1
citei,1
sabatico,1
vaca,1
engordar,1
lucro,1
achou,1
vesting,1
garantido,1
pediria,1
faria,1
resiliencia,1
propocionar,1
apego,1
particularmente,1
procurar,1
agradar,1
box,1
coloca,1
recomendaria,1
gerentetime,1
entrou,1
cerveja,1
pago,1
negociei,1
fechou,1
comecou,1
seguida,1
normalmente,1
iniciei,1
azar,1
dao,1
horrivel,1
tramites,1
rolava,1
recruta,1
tentasse,1
parada,1
sabia,1
aconteceu,1
emigrar,1
temporariamente,1
contratado,1
sinceramente,1
travados,1
comecaram,1
demore,1
freeze,1
gerou,1
contratada,1
monte,1
mudassem,1
males,1
reaberto,1
importo,1
altura,1
precisando,1
improvavel,1
avancou,1
hahuahuahu,1
desesperanca,1
desespero,1
apreensao,1
fases,1
absoluto,1
silencio,1
concluimos,1
faceis,1
chegarmos,1
quandose,1
razao,1
verificado,1
receita,1
vista,1
viajaram,1
estudantes,1
frequentes,1
compartilhados,1
rolando,1
telegram,1
imaginar,1
loucura,1
pedidos,1
passaportes,1
chegando,1
status,1
enquiry,1
pedirem,1
parecem,1
serviu,1
viena,1
parar,1
historico,1
possivelmente,1
fugir,1
decidi,1
decepcionado,1
desanimado,1
saia,1
normais,1
injustica,1
velocidade,1
desorganizacaofalta,1
creio,1
curti,1
jusbrasil,1
fundadores,1
gustavo,1
portas,1
fizer,1
leozinho,1
mago,1
poxa,1
nisso,1
heheheheh,1
reapareceu,1
brilho,1
perdeu,1
migrei,1
palestrando,1
andas,1
guri,1
faziamos,1
malucas,1
apareceu,1
antigos,1
pcs,1
antigas,1
cpus,1
tunando,1
pintando,1
pilhas,1
motores,1
legos,1
irado,1
hall,1
papelao,1
castelo,1
kkkkkkkkk,1
aproveitamos,1
oque,1
trampando,1
formada,1
amarela,1
morava,1
gravata,1
mudei,1
dada,1
lembrava,1
kkkkkkkkkkkkkkkkkkkkkkkkkkk,1
chego,1
trampo,1
comecodo,1
techs,1
eaprendendo,1
javascritp,1
fundamentais,1
hehehehe,1
madalena,1
abracao,1
ideais,1
celular,1
sfargate,1
familiarity,1
architectures,1
eventbased,1
microservicebased,1
transitioning,1
gold,1
fail,1
risks,1
maker,1
decision,1
datadriven,1
solver,1
restful,1
modify,1
turn,1
quicklygrowing,1
deploy,1
instrument,1
incrementally,1
crossfunctional,1
inception,1
components,1
powers,1
gikher,1
utilizing,1
associated,1
power,1
performant,1
freedom,1
helped,1
unite,1
saving,1
budgeting,1
subscription,1
finance,1
pioneering,1
lucrative,1
wwwrepartnerscom,1
firm,1
yorkbased,1
kogan,1
senacharybulbcouk,1
achary,1
packages,1
energy,1
green,1
latency,1
low,1
largescale,1
backgrounds,1
disclosure,1
sane,1
vega,1
optional,1
euros,1
acquired,1
lately,1
httpswwwcontinuitynet,1
mapa,1
marcella,1
informado,1
urgente,1
fixa,1
desenvolvidas,1
katy,1
mapping,1
leshinsky,1
agendamos,1
contratante,1
acerca,1
schneider,1
httpsmediumcomloftbrbbffdcec,1
excelencia,1
httpsmediumcomloftbredabeda,1
paramos,1
investimentos,1
rodada,1
quarta,1
anunciamos,1
unicornio,1
patamar,1
imobiliario,1
proptech,1
moove,1
generalist,1
sigalotti,1
florencia,1
respuesta,1
actualmente,1
tenemos,1
oportunidad,1
charlar,1
interesaria,1
comentame,1
httpsmooveitcom,1
nuestra,1
dejo,1
continuacion,1
conoces,1
abonamos,1
modalidad,1
trabajamos,1
buen,1
haber,1
puede,1
creo,1
viendo,1
equipo,1
nuestro,1
sumar,1
busqueda,1
muy,1
tardes,1
buenas,1
noelia,1
honest,1
opportunityim,1
careersdevigetcom,1
distributed,1
globally,1
democratizando,1
ambicao,1
httpswwwcercinfbr,1
httpslnkdindgcgjtrx,1
democratizar,1
tomavam,1
concediam,1
modernizar,1
proposito,1
ownership,1
minded,1
voltz,1
listening,1
sometime,1
httpscalendlycomstanetemin,1
pick,1
calendly,1
remoteonly,1
cancel,1
anywhere,1
chrp,1
dhandhukia,1
httpscalendlycomndhandhukiamin,1
casual,1
retreats,1
workfromhome,1
spaces,1
coworking,1
bored,1
coolest,1
glimpse,1
strides,1
primary,1
junior,1
capable,1
visibility,1
industryleading,1
entrepreneurs,1
empower,1
brl,1
pjcooperado,1
squad,1
impactar,1
arquiteturais,1
provisionada,1
usamos,1
reactnative,1
fabrica,1
cheesecake,1
svp,1
natam,1
anual,1
wyser,1
researcher,1
lopes,1
caroline,1
javakotlin,1
modernizacaorefatoracao,1
escalaveis,1
plr,1
privada,1
previdencia,1
agronegocio,1
financeira,1
instituicao,1
mid,1
rkk,1
credentials,1
florianopolis,1
reconnecting,1
engagement,1
colombo,1
introductory,1
collaborate,1
seasoned,1
httpswwwclevertechbizcareersrubyonrailsengineer,1
httpswwwclevertechbiz,1
shift,1
vlahos,1
nick,1
respectfully,1
httpsvimeocomaaac,1
outsourced,1
insurance,1
salesman,1
mechanics,1
car,1
reacttypescript,1
competition,1
differentiate,1
cartech,1
hqd,1
sft,1
ticker,1
shiftcom,1
howdy,1
vit,1
happens,1
wellfunded,1
bonuses,1
beginning,1
possibility,1
legacy,1
httpsdrivegooglecomdrivefoldersifybgdbxndcqavkcrrshwkcaquspsharing,1
mostrem,1
httpshipstersjobsjobdevlaravel,1
candidatar,1
hispter,1
controle,1
automatica,1
mandando,1
desenvolvo,1
atd,1
httpscalendargooglecomcalendaruselfschedsstokenuurwnxwmrpbmnfgrlzmfbhrmthkyjnhyjlkzmuynmznzywmteyodmyjfkztezjy,1
vacations,1
vanessazartiscom,1
relations,1
garcia,1
gelardo,1
develops,1
httpswwwzartiscom,1
methods,1
poseys,1
brien,1
mvp,1
protected,1
jumped,1
ajudarmos,1
juntos,1
audiencia,1
crescermos,1
assuntos,1
criatividade,1
financas,1
abordar,1
trabalhadores,1
empreendedores,1
neigenfind,1
roberto,1
fundei,1
sociais,1
compartilhando,1
comentando,1
inscrevendose,1
dedicar,1
prontos,1
inscritos,1
comecamos,1
esx,1
taboada,1
eduardo,1
jump,1
httpsgoldmediatechcomjobssoftwareengineermexico,1
ycombinator,1
dollars,1
usamexico,1
backed,1
venture,1
outsourcing,1
occasion,1
wwwgoldmediatechcom,1
sheehan,1
sizes,1
compliance,1
automate,1
regtech,1
regulatory,1
vanesas,1
hunter,1
castillon,1
jane,1
httpssoftjourncomcareersseniorrordeveloperivanofrankivsk,1
midsenior,1
fosado,1
brea,1
httpswwwamazonjobsenjobssoftwaredevelopmentengineer,1
jbrefosamazoncom,1
scratch,1
forming,1
books,1
employer,1
traction,1
gaining,1
